–°–°–´–õ–ö–ê –ù–ê –ó–ê–ü–ò–°–¨;–°–°–´–õ–ö–ê –ù–ê –ó–ê–ü–ò–°–¨ –° –£–ß–Å–¢–û–ú –í–õ–ê–î–ï–õ–¨–¶–ê;–í–õ–ê–î–ï–õ–ï–¶ –°–¢–ï–ù–´;–ê–í–¢–û–† –ó–ê–ü–ò–°–ò;–î–ê–¢–ê –ò –í–†–ï–ú–Ø;–¢–ï–ö–°–¢ –ü–û–°–¢–ê;–õ–ê–ô–ö–û–í;–†–ï–ü–û–°–¢–û–í;–ö–û–ú–ú–ï–ù–¢–ê–†–ò–ï–í;–ü–†–û–°–ú–û–¢–†–û–í;–°–°–´–õ–ö–ê –ù–ê –ö–û–ú–ú–ï–ù–¢–ê–†–ò–ô;–ù–ê–ó–í–ê–ù–ò–ï –ê–í–¢–û–†–ê;–ü–û–î–ü–ò–°–ß–ò–ö–û–í
https://vk.com/wall-126238531_453487;https://vk.com/club126238531?w=wall-126238531_453487;https://vk.com/club126238531;https://vk.com/club126238531;2024-06-05 00:11;–ê–Ω–æ–Ω–∏–º–Ω–æ.  –î–µ–≤–æ—á–∫–∏, —á–µ–º –º–∞–∑–∞—Ç—å –¥–µ—Å–Ω—ã –ø—Ä–∏ –ø—Ä–æ—Ä–µ–∑—ã–≤–∞–Ω–∏–∏ –ó—É–±–æ–≤ ?—Ö–æ—á—É —Å—Ä–∞–∑—É –∫—É–ø–∏—Ç—å —á—Ç–æ–±—ã –±—ã–ª–æ  –ß—Ç–æ –ø–æ—Å–æ–≤–µ—Ç—É–µ—Ç–µ ?  –†–µ–±–µ–Ω–∫—É 3,5 –º–µ—Å—è—Ü–∞ –Ω–∞ –≤–µ—Ä—Ö–Ω–µ–π –¥–µ—Å–Ω–µ –±–µ–ª—ã–µ —Ç–æ—á–∫–∏  –ü–æ—Å–ª–µ–¥–Ω–∏–µ –¥–Ω–∏ –≤–µ–¥–µ—Ç —Å–µ–±—è –Ω–µ —Ç–∞–∫ –∫–∞–∫ –æ–±—ã—á–Ω–æ;11;5;37;3234;;–ë–ï–†–ï–ú–ï–ù–ù–û–°–¢–¨;179738
https://vk.com/wall-224776874_1474;https://vk.com/club224776874?w=wall-224776874_1474;https://vk.com/club224776874;https://vk.com/club224776874;2024-06-05 11:33;–ù–∞—Ö–æ–¥–∫–∏ –Ω–∞ WB –î–µ—Ä–∂–∞—Ç–µ–ª–∏ –ø—Ä–æ—Ä–µ–∑—ã–≤–∞—Ç–µ–ª–∏;7;2;1;2364;;WB –î–ï–¢–Ø–ú  | –î–µ—Ç—Å–∫–∏–µ –Ω–∞—Ö–æ–¥–∫–∏ –Ω–∞ Wildberries, Ozon;4356
https://vk.com/wall-56247537_264380;https://vk.com/club56247537?w=wall-56247537_264380;https://vk.com/club56247537;https://vk.com/club56247537;2024-06-05 11:03;"–ê–ø—Ç–µ—á–∫–∞ –¥–ª—è –º–∞–ª—ã—à–µ–π  1. ""–¶–µ—Ñ–∏–∫–æ–Ω –î"" –∏–ª–∏ –ª—é–±—ã–µ —Å–≤–µ—á–∏, —Å–æ–¥–µ—Ä–∂–∞—â–∏–µ –ø–∞—Ä–∞—Ü–µ—Ç–∞–º–æ–ª, - –æ—Ç —Ç–µ–º–ø–µ—Ä–∞—Ç—É—Ä—ã –∏ –±–æ–ª–∏.  2. –î–µ—Ç—Å–∫–∏–π ""–ù—É—Ä–æ—Ñ–µ–Ω"".  3. –°–≤–µ—á–∏ ""–í–∏—Ñ–µ—Ä–æ–Ω"" - –ø–æ–≤—ã—à–∞—é—Ç –∏–º–º—É–Ω–∏—Ç–µ—Ç, –Ω–∞–∑–Ω–∞—á–∞—é—Ç—Å—è –ø—Ä–∏ –ø—Ä–æ—Å—Ç—É–¥–∞—Ö, –∏–Ω—Ñ–µ–∫—Ü–∏—è—Ö.  4. –°–≤–µ—á–∏ ""–í–∏–±—É—Ä–∫–æ–ª"" - –≥–æ–º–µ–æ–ø–∞—Ç–∏—á–µ—Å–∫–æ–µ —Å—Ä–µ–¥—Å—Ç–≤–æ –æ—Ç –≤—ã—Å–æ–∫–æ–π —Ç–µ–º–ø–µ—Ä–∞—Ç—É—Ä—ã, –Ω–∞–∑–Ω–∞—á–∞—é—Ç—Å—è, –∫–æ–≥–¥–∞ —Ä–µ–∂—É—Ç—Å—è –∑—É–±–∫–∏.  5. –§—É—Ä–∞—Ü–∏–ª–∏–Ω - –∞–Ω—Ç–∏–±–∞–∫—Ç–µ—Ä–∏–∞–ª—å–Ω—ã–µ —Ç–∞–±–ª–µ—Ç–∫–∏ –¥–ª—è –ø—Ä–∏–≥–æ—Ç–æ–≤–ª–µ–Ω–∏—è –ø–æ–ª–æ—Å–∫–∞–Ω–∏–π, –ø—Ä–æ–º—ã–≤–∞–Ω–∏–π.  6. –°—É—Ö–∞—è –¥–µ—Ç—Å–∫–∞—è –º–∏–∫—Å—Ç—É—Ä–∞ –æ—Ç –∫–∞—à–ª—è.  7. ""–§–∏–∑–∏–æ–º–µ—Ä"" –∏–ª–∏ ""–ê–∫–≤–∞–º–∞—Ä–∏—Å"", –∏–ª–∏ ""–ê–∫–≤–∞–ª–æ—Ä"" - —Ä–∞—Å—Ç–≤–æ—Ä—ã –º–æ—Ä—Å–∫–æ–π –≤–æ–¥—ã –¥–ª—è –ø—Ä–æ–º—ã–≤–∞–Ω–∏—è –Ω–æ—Å–∏–∫–∞.  8. –ê—Å–ø–∏—Ä–∞—Ç–æ—Ä.  9. –ù–∞–∑–∏–≤–∏–Ω –¥–ª—è –º–ª–∞–¥–µ–Ω—Ü–µ–≤ - —Å–æ—Å—É–¥–æ—Å—É–∂–∏–≤–∞—é—â–µ–µ —Å—Ä–µ–¥—Å—Ç–≤–æ –æ—Ç –Ω–∞—Å–º–æ—Ä–∫–∞.  –î–ª—è –∫–æ–∂–∏  10. –ü–µ—Ä–µ–∫–∏—Å—å –≤–æ–¥–æ—Ä–æ–¥–∞ (–æ–±—Ä–∞–±–∞—Ç—ã–≤–∞—Ç—å –ø—É–ø–æ—á–µ–∫, —Ü–∞—Ä–∞–ø–∏–Ω—ã –∏ —Ç.–¥.).  11. –ó–µ–ª–µ–Ω–∫–∞ (–¥–ª—è –æ–±—Ä–∞–±–æ—Ç–∫–∏ –ø—É–ø–æ—á–∫–∞ –≤ –∂–∏–¥–∫–æ–º –≤–∏–¥–µ, –¥–ª—è —Ü–∞—Ä–∞–ø–∏–Ω –∏ —Ç.–¥. - –∫–∞—Ä–∞–Ω–¥–∞—à ""–õ–µ–∫–∫–µ—Ä"").  12. –•–ª–æ—Ä–æ—Ñ–∏–ª–ª–∏–ø—Ç (—Å–º–∞–∑—ã–≤–∞—Ç—å –ø—Ä—ã—â–∏–∫–∏, –≤–æ—Å–ø–∞–ª–µ–Ω–∏—è, –¥–æ–±–∞–≤–ª—è—Ç—å –≤ –≤–∞–Ω–Ω–æ—á–∫—É –ø—Ä–∏ –∫—É–ø–∞–Ω–∏–∏).  13. –ú–∞—Ä–≥–∞–Ω—Ü–æ–≤–∫–∞ - –∫—É–ø–∞—Ç—å —Ä–µ–±–µ–Ω–∫–∞ –≤ –ø–µ—Ä–≤—ã–µ –¥–Ω–∏ –ø–æ—Å–ª–µ —Ä–æ–¥–¥–æ–º–∞.  14. –ú–∞–∑—å ""–ë–µ–ø–∞–Ω—Ç–µ–Ω"" - —Å–º–∞–∑—ã–≤–∞—Ç—å —Ç—Ä–µ—â–∏–Ω—ã, —Ä–∞–∑–¥—Ä–∞–∂–µ–Ω–∏—è, —Å—É—Ö—É—é –∫–æ–∂—É.  15. –ú–∞–∑—å ""–î—Ä–æ–ø–∞–ª–µ–Ω"" - –≤ —Å–ª—É—á–∞–µ —Ä–∞–∑–¥—Ä–∞–∂–µ–Ω–∏—è, –ø–æ—Ç–Ω–∏—Ü—ã, –æ–ø—Ä–µ–ª–æ—Å—Ç–µ–π.  16. –¶–∏–Ω–∫–æ–≤–∞—è –ø–∞—Å—Ç–∞ - –∑–∞–º–µ—á–∞—Ç–µ–ª—å–Ω–æ –±–æ—Ä–µ—Ç—Å—è —Å –ø–æ—Ç–Ω–∏—á–∫–æ–π.  17. –ù–∞—Å—Ç–æ–π–∫–∞ –∫–∞–ª–µ–Ω–¥—É–ª—ã/–º–∞–∑—å –∫–∞–ª–µ–Ω–¥—É–ª—ã - —Å–º–∞–∑—ã–≤–∞—Ç—å —Ü–∞—Ä–∞–ø–∏–Ω—ã, —Ä–∞–∑–¥—Ä–∞–∂–µ–Ω–∏—è.  18. ""–§–µ–Ω–∏—Å—Ç–∏–ª"" –≥–µ–ª—å - –æ—Ç –∞–ª–ª–µ—Ä–≥–∏—á–µ—Å–∫–∏—Ö –∫–æ–∂–Ω—ã—Ö –ø—Ä–æ—è–≤–ª–µ–Ω–∏–π, —É–∫—É—Å–æ–≤ –Ω–∞—Å–µ–∫–æ–º—ã—Ö.  19. –ú–∞–∑—å ""–°–ø–∞—Å–∞—Ç–µ–ª—å"" - —É—à–∏–±—ã, –æ–∂–æ–≥–∏, —Ü–∞—Ä–∞–ø–∏–Ω—ã, —É–∫—É—Å—ã –∏ —Ç.–¥.  20. –ú–∞–∑—å ""–ê—Ä–Ω–∏–∫–∞"" - —É—à–∏–±—ã, –≥–µ–º–∞—Ç–æ–º—ã, —Å–∏–Ω—è–∫–∏.  21. –°–∞–ª—Ñ–µ—Ç–∫–∏ —Å–ø–∏—Ä—Ç–æ–≤—ã–µ.  22. –°–∞–ª—Ñ–µ—Ç–∫–∏ –∫—Ä–æ–≤–æ–æ—Å—Ç–∞–Ω–∞–≤–ª–∏–≤–∞—é—â–∏–µ.  –î–ª—è –∂–∏–≤–æ—Ç–∏–∫–∞  23. ""–ë–µ–π–±–∏ –ö–∞–ª–º"" - –∫–∞–ø–ª–∏ –æ—Ç –∫–æ–ª–∏–∫-–≥–∞–∑–∏–∫–æ–≤ (–Ω–∞ —Ç—Ä–∞–≤–∫–∞—Ö).  24. ""–°–∞–± –°–∏–º–ø–ª–µ–∫—Å"" - –∫–∞–ø–ª–∏ –æ—Ç –∫–æ–ª–∏–∫-–≥–∞–∑–∏–∫–æ–≤ (–¥–µ–π—Å—Ç–≤—É—é—â–µ–µ –≤–µ—â–µ—Å—Ç–≤–æ - —Å–º–µ–∫—Ç–∏–Ω).  25. –ß–∞–π ""–ü–ª–∞–Ω—Ç–µ–∫—Å"" (–≤–Ω–∏–º–∞–Ω–∏–µ: –º–∞–ª–æ –∫—Ç–æ —á–∏—Ç–∞–µ—Ç –∏–Ω—Å—Ç—Ä—É–∫—Ü–∏–∏, –Ω–æ —ç—Ç–æ—Ç —á–∞–π –º–∞–ª—ã—à–∞–º —Å –ª–∞–∫—Ç–æ–∑–Ω–æ–π –Ω–µ–¥–æ—Å—Ç–∞—Ç–æ—á–Ω–æ—Å—Ç—å—é –¥–∞–≤–∞—Ç—å –Ω–µ–ª—å–∑—è!)  26. –ö–ª–∏–∑–º–æ—á–∫–∏ —Å –º—è–≥–∫–∏–º –Ω–∞–∫–æ–Ω–µ—á–Ω–∏–∫–æ–º ‚Ññ1 –∏ ‚Ññ2 (–≤—ã–ø—É—Å–∫–∞—Ç—å –≥–∞–∑—ã, –∏—Å–ø–æ–ª—å–∑–æ–≤–∞—Ç—å –≤–º–µ—Å—Ç–æ –∞—Å–ø–∏—Ä–∞—Ç–æ—Ä–∞ –∏ –Ω–µ–ø–æ—Å—Ä–µ–¥—Å—Ç–≤–µ–Ω–Ω–æ –¥–ª—è –∫–ª–∏–∑–º).  27. –ì–ª–∏—Ü–µ—Ä–∏–Ω–æ–≤—ã–µ —Å–≤–µ—á–∫–∏ - –∏—Å–ø–æ–ª—å–∑–æ–≤–∞—Ç—å –ø—Ä–∏ –∑–∞–ø–æ—Ä–µ (–¥–ª—è –º–∞–ª—ã—à–µ–π - 1/7 —á–∞—Å—Ç—å, —Ö–æ—Ä–æ—à–æ —Ä–µ–∂–µ—Ç—Å—è –Ω–∏—Ç–∫–æ–π).  28. ""–ú–∏–∫—Ä–æ–ª–∞–∫—Å"" - –º–∏–∫—Ä–æ–∫–ª–∏–∑–º–æ—á–∫–∏, –æ—á–µ–Ω—å —É–¥–æ–±–Ω—ã –≤ –∏—Å–ø–æ–ª—å–∑–æ–≤–∞–Ω–∏–∏, —Ç–∞–∫–∂–µ –ø—Ä–∏–º–µ–Ω—è—é—Ç—Å—è –ø—Ä–∏ –∑–∞–ø–æ—Ä–µ (–¥–ª—è –º–∞–ª—ã—à–µ–π –≤–≤–æ–¥–∏—Ç—Å—è –ø–æ–ª–æ–≤–∏–Ω–∫–∞ —Ç—é–±–∏–∫–∞).  29. ""–î—é—Ñ–∞–ª–∞–∫"" - –æ—Ç –∑–∞–ø–æ—Ä–æ–≤ –∂–µ, –º–æ–∂–Ω–æ –ø—Ä–∏–Ω–∏–º–∞—Ç—å —Å —Ä–æ–∂–¥–µ–Ω–∏—è.  30. ""–†–µ–≥–∏–¥—Ä–æ–Ω"" - –≤–æ—Å—Å—Ç–∞–Ω–∞–≤–ª–∏–≤–∞–µ—Ç –ø–æ—Ç—Ä–µ–±–Ω–æ—Å—Ç—å –æ—Ä–≥–∞–Ω–∏–∑–º–∞ –≤ –∂–∏–¥–∫–æ—Å—Ç–∏ –ø—Ä–∏ –ø–æ–Ω–æ—Å–µ –∏ —Ä–≤–æ—Ç–µ.  31. ""–°–º–µ–∫—Ç–∞"" - –ø—Ä–∏ –ø–æ–Ω–æ—Å–∞—Ö, —Ä–∞—Å—Å—Ç—Ä–æ–π—Å—Ç–≤–µ –∂–µ–ª—É–¥–∫–∞.  32. –ì–∞–∑–æ–æ—Ç–≤–æ–¥–Ω–∞—è —Ç—Ä—É–±–æ—á–∫–∞ - –¥–ª—è ""–ø—Ä–æ–ø—É–∫–∏–≤–∞–Ω–∏—è"" (–¥–æ—Å—Ç–∞—Ç—å —Ç—Ä—É–¥–Ω–æ).  –î–ª—è –≥–ª–∞–∑  33. –ú–∞–∑—å —Ç–µ—Ç—Ä–∞—Ü–∏–∫–ª–∏–Ω–æ–≤–∞—è –≥–ª–∞–∑–Ω–∞—è.  34. –ö–∞–ø–ª–∏ –ª–µ–≤–æ–º–∏—Ü–µ—Ç–∏–Ω–æ–≤—ã–µ –≥–ª–∞–∑–Ω—ã–µ (—ç—Ç–∏ –¥–≤–µ –æ–ø—Ü–∏–∏ –∫–∞–∫ —Ä–∞–∑ –∏–∑ –∫–∞—Ç–µ–≥–æ—Ä–∏–∏ ""–∫–æ–ø–µ–µ—á–Ω—ã—Ö"" –ª–µ–∫–∞—Ä—Å—Ç–≤, –∫–æ—Ç–æ—Ä—ã—Ö –º–æ–∂–µ—Ç –Ω–µ –æ–∫–∞–∑–∞—Ç—å—Å—è –≤ –±–ª–∏–∂–∞–π—à–∏—Ö –∞–ø—Ç–µ–∫–∞—Ö).  –¢—Ä–∞–≤–∫–∏  35. –†–æ–º–∞—à–∫–∞ - –ø—Ä–æ—Ç–∏–≤–æ–≤–æ—Å–ø–∞–ª–∏—Ç–µ–ª—å–Ω–æ–µ —Å—Ä–µ–¥—Å—Ç–≤–æ, —Å–Ω–∏–º–∞–µ—Ç —Å–ø–∞–∑–º—ã, –ø—Ä–∏–º–µ–Ω—è–µ—Ç—Å—è –≤–Ω—É—Ç—Ä—å –∏ –Ω–∞—Ä—É–∂–Ω–æ (–≤–∞–Ω–Ω–æ—á–∫–∏, —É–º—ã–≤–∞–Ω–∏—è).  36. –ú—è—Ç–∞ - —Å–Ω–∏–º–∞–µ—Ç —Ç–æ—à–Ω–æ—Ç—É.  37. –ö–∞–ª–µ–Ω–¥—É–ª–∞ - –Ω–∞—Ä—É–∂–Ω–æ–µ –ø—Ä–æ—Ç–∏–≤–æ–≤–æ—Å–ø–∞–ª–∏—Ç–µ–ª—å–Ω–æ–µ —Å—Ä–µ–¥—Å—Ç–≤–æ.  38. –ß–µ—Ä–µ–¥–∞ - –∞–Ω—Ç–∏–∞–ª–ª–µ—Ä–≥–∏—á–µ—Å–∫–∞—è —Ç—Ä–∞–≤–∫–∞, –¥–ª—è –≤–Ω—É—Ç—Ä–µ–Ω–Ω–µ–≥–æ –ø—Ä–∏–º–µ–Ω–µ–Ω–∏—è –∏ –≤–∞–Ω–Ω.  39. –ü—É—Å—Ç—ã—Ä–Ω–∏–∫ - —É—Å–ø–æ–∫–∞–∏–≤–∞—é—â–µ–µ —Å—Ä–µ–¥—Å—Ç–≤–æ, –º–æ–∂–Ω–æ –¥–æ–±–∞–≤–ª—è—Ç—å –≤ –≤–∞–Ω–Ω–æ—á–∫—É.  40. –õ–∞–≤—Ä–æ–≤—ã–π –ª–∏—Å—Ç - —Ç–∞–∫ –∂–µ, –∫–∞–∫ –∏ —á–µ—Ä–µ–¥–∞, –±–æ—Ä–µ—Ç—Å—è —Å –∞–ª–ª–µ—Ä–≥–∏—á–µ—Å–∫–∏–º–∏ –ø—Ä–æ—è–≤–ª–µ–Ω–∏—è–º–∏.  –û–±—â–µ–µ  41. ""–§–µ–Ω–∏—Å—Ç–∏–ª"" –∫–∞–ø–ª–∏ - –ø—Ä–æ—Ç–∏–≤–æ–∞–ª–ª–µ—Ä–≥–∏—á–µ—Å–∫–æ–µ (–µ—Å–ª–∏ –Ω–µ –ø–æ–Ω–∞–¥–æ–±—è—Ç—Å—è –≤ —Ç–µ–∫—É—â–µ–º —Ä–µ–∂–∏–º–µ, —Ç–æ –ø–æ—Ç—Ä–µ–±—É–µ—Ç—Å—è –ø—Ä–∏ –ø—Ä–∏–≤–∏–≤–∫–∞—Ö).  42. ""–ö–∞–ª–≥–µ–ª—å"" - –≥–µ–ª—å —Å –ª–∏–¥–æ–∫–∞–∏–Ω–æ–º, —É–º–µ–Ω—å—à–∞–µ—Ç –±–æ–ª—å –æ—Ç –ø—Ä–æ—Ä–µ–∑—ã–≤–∞–Ω–∏—è –∑—É–±–æ–≤.  43. –ì—Ä–∞–¥—É—Å–Ω–∏–∫ –≤ –∫–æ–º–Ω–∞—Ç—É, –≥—Ä–∞–¥—É—Å–Ω–∏–∫ –≤ –≤–∞–Ω–Ω–æ—á–∫—É, –≥—Ä–∞–¥—É—Å–Ω–∏–∫ –¥–ª—è –∏–∑–º–µ—Ä–µ–Ω–∏—è —Ç–µ–º–ø–µ—Ä–∞—Ç—É—Ä—ã —Ç–µ–ª–∞. –°–µ–π—á–∞—Å –ø—Ä–æ–¥–∞—é—Ç—Å—è –æ—á–µ–Ω—å —É–¥–æ–±–Ω—ã–µ –∏–Ω—Ñ—Ä–∞–∫—Ä–∞—Å–Ω—ã–µ —Ç–µ—Ä–º–æ–º–µ—Ç—Ä—ã, –∏–∑–º–µ—Ä—è—é—â–∏–µ –æ—á–µ–Ω—å —Ç–æ—á–Ω–æ —Ç–µ–º–ø–µ—Ä–∞—Ç—É—Ä—É –∏ —Ç–µ–ª–∞, –∏ –≤–æ–∑–¥—É—Ö–∞ –≤ –∫–æ–º–Ω–∞—Ç–µ.  44. –®—Ç—É–∫ 5 –ø–∏–ø–µ—Ç–æ–∫ —Å —Ç—É–ø—ã–º –∫–æ–Ω—Ü–æ–º (5 - –ø–æ—Ç–æ–º—É —á—Ç–æ –æ–Ω–∏ –∏–º–µ—é—Ç –æ–±—ã–∫–Ω–æ–≤–µ–Ω–∏–µ –∫—É–¥–∞-—Ç–æ –∏—Å—á–µ–∑–∞—Ç—å).  45. –î–µ—Ç—Å–∫–∏–µ –ø–ª–∞—Å—Ç—ã—Ä–∏.  46. –ú–µ—Ä–Ω–∞—è –ª–æ–∂–∫–∞ –∏–ª–∏ —Å—Ç–∞–∫–∞–Ω—á–∏–∫ –¥–ª—è –¥–æ–∑–∏—Ä–æ–≤–∫–∏ –ª–µ–∫–∞—Ä—Å—Ç–≤.  47. –°–µ—Ä–µ–±—Ä—è–Ω–∞—è –ª–æ–∂–µ—á–∫–∞ (–ø–æ–∏—Ç—å –≤–æ–¥–∏—á–∫–æ–π –ª—É—á—à–µ –∏–º–µ–Ω–Ω–æ –∏–∑ —Ç–∞–∫–æ–π, —Å–µ—Ä–µ–±—Ä–æ –¥–µ–π—Å—Ç–≤–∏—Ç–µ–ª—å–Ω–æ –±–ª–∞–≥–æ—Ç–≤–æ—Ä–Ω–æ –≤–ª–∏—è–µ—Ç –Ω–∞ —Ç–æ, —á–µ–≥–æ –æ–Ω–æ –∫–∞—Å–∞–µ—Ç—Å—è).  48. –î–µ—Ç—Å–∫–∏–π –º–æ—á–µ–ø—Ä–∏–µ–º–Ω–∏–∫ (–æ—á–µ–Ω—å —É–¥–æ–±–Ω–æ —Å–æ–±–∏—Ä–∞—Ç—å –º–æ—á—É –¥–ª—è –∞–Ω–∞–ª–∏–∑–æ–≤: –º–∞–ª–µ–Ω—å–∫–∏–π –ø–ª–∞—Å—Ç–∏–∫–æ–≤—ã–π –ø–∞–∫–µ—Ç–∏–∫ –ø—Ä–æ—Å—Ç–æ –ø—Ä–∏–∫–ª–µ–∏–≤–∞–µ—Ç—Å—è –±–µ–∑–æ–ø–∞—Å–Ω–æ –∫ –∫–æ–∂–µ –º–∞–ª—ã—à–∞ –ø–æ–¥ –ø–∞–º–ø–µ—Ä—Å–æ–º).";11;16;1;1122;;–Ø –ª—é–±–ª—é –∏ —Ö–æ—á—É –±—ã—Ç—å —Å —Ç–æ–±–æ–π –æ–¥–Ω–æ–π —Å–µ–º—å—ë–π;303547
https://vk.com/wall-126992551_228231;https://vk.com/club126992551?w=wall-126992551_228231;https://vk.com/club126992551;https://vk.com/club126992551;2024-06-05 10:19;–ê–Ω–æ–Ω–∏–º–Ω–æ –ó–¥—Ä–∞–≤—Å—Ç–≤—É–π—Ç–µ. –•–æ—Ç–µ–ª–∞ –±—ã –ø–æ—Å–ª—É—à–∞—Ç—å –æ–ø—ã—Ç –¥—Ä—É–≥–∏—Ö –∏ –º–æ–∂–µ—Ç –∫–∞–∫–æ–≥–æ –Ω–∏–±—É–¥—å —Å–æ–≤–µ—Ç–∞. –î–æ—á–∫–µ –Ω–∞ –¥–Ω—è—Ö –±—É–¥–µ—Ç 7 –º–µ—Å—è—Ü–µ–≤. –õ–µ–∑—É—Ç –∑—É–±—ã, –Ω–∏–∂–Ω–∏–∏ –±–æ–∫–æ–≤—ã–µ —Ä–µ–∑—Ü—ã. –î–Ω—ë–º —É –Ω–∞—Å –æ–∫–æ–ª–æ 4 –¥–Ω–µ–≤–Ω—ã—Ö —Å–Ω–æ–≤ –ø–æ 30-40 –º–∏–Ω—É—Ç, –Ω–µ–≤—Ä–æ–ª–æ–≥ —Å–∫–∞–∑–∞–ª, —á—Ç–æ —ç—Ç–æ –Ω–æ—Ä–º–∞–ª—å–Ω–æ. –ù–æ —Å—É—Ç—å –≤ —Ç–æ–º, —á—Ç–æ –¥–æ –∑—É–±–æ–≤ –¥–æ—á–∫–∞ —Å–∞–º–∞ –∑–∞—Å—ã–ø–∞–ª–∞ –∏ –Ω–∞ –¥–Ω–µ–≤–Ω—ã–µ –∏ –Ω–∞ –Ω–æ—á–Ω—ã–µ —Å–Ω—ã. –ê —Å–µ–π—á–∞—Å –¥–Ω—ë–º –Ω—É–∂–Ω–æ –º–∏–Ω—É—Ç –ø–æ 30-40 —É–∫–ª–∞–¥—ã–≤–∞—Ç—å, –Ω–∞ –Ω–æ—á–Ω—ã–µ —Ç–∞–∫ –≤–æ–æ–±—â–µ –ø–æ 2 —á–∞—Å–∞. –í–æ–ø—Ä–æ—Å —Å–æ—Å—Ç–æ–∏—Ç –≤–æ—Ç –≤ —á—ë–º: –∫–∞–∫ –ø–æ–º–æ—á—å —Ä–µ–±—ë–Ω–æ—á–∫—É? –°–ø–∞—Ç—å —Ö–æ—á–µ—Ç, –Ω–æ –∫–æ–≥–¥–∞ –ø—ã—Ç–∞–µ—à—å—Å—è —É–ª–æ–∂–∏—Ç—å, –Ω–∞—á–∏–Ω–∞–µ—Ç—Å—è –∏—Å—Ç–µ—Ä–∏–∫–∞, –ø–∏–Ω–∞–µ—Ç—Å—è, —Ç–æ–ª–∫–∞–µ—Ç—Å—è. –£–∂–µ –∏ —Ä—è–¥–æ–º –ª–æ–∂—É—Å—å, –¥–∞—é –µ–π —Å–∞–º–æ–π —É—Å–Ω—É—Ç—å, –Ω–µ –º–æ–∂–µ—Ç. –ù–æ—á—å—é 4 –¥–Ω—è —Ç–æ–∂–µ –ø–æ—á—Ç–∏ –Ω–µ —Å–ø–∏—Ç. –ì–µ–ª–µ–º –¥—ë—Å–Ω–∞ –º–∞–∂–µ–º, –ø—Ä–æ—Ä–µ–∑—ã–≤–∞—Ç–µ–ª–∏ –≤ —Ç–µ—á–µ–Ω–∏–∏ –¥–Ω—è –≥—Ä—ã–∑—ë—Ç, –Ω–µ–≤—Ä–æ–ª–æ–≥ —Å–∫–∞–∑–∞–ª–∞ —ç–¥–∞—Å –ø–æ–ø—Ä–æ–±–æ–≤–∞—Ç—å, –Ω–∞ –Ω–æ—á—å –µ–≥–æ –¥–∞—é, –µ—Å–ª–∏ —Å–æ–≤—Å–µ–º –ø–ª–æ—Ö–æ –¥–∞—é –Ω–µ–º–Ω–æ–≥–æ –Ω—É—Ä–æ—Ñ–µ–Ω–∞. –ö–∞–∫ –¥–æ–ª–≥–æ –ª–µ–∑—É—Ç –∑—É–±–∫–∏? –¢–∞–∫ –Ω–∞ –∫–∞–∂–¥—ã–π –±—É–¥–µ—Ç –∏–ª–∏ –≥–ª–∞–≤–Ω–æ–µ –ø–µ—Ä–≤—ã–µ –ø–µ—Ä–µ–∂–∏—Ç—å?;0;0;7;1084;;–ü–æ–¥—Å–ª—É—à–∞–Ω–æ –≤ —Ä–æ–¥–¥–æ–º–∞—Ö –ß–µ–ª—è–±–∏–Ω—Å–∫–∞ ‚ô° –ò—Å—Ç–æ—Ä–∏–∏ —Ä–æ–¥–æ–≤;22043
https://vk.com/wall-202611080_158918;https://vk.com/club202611080?w=wall-202611080_158918;https://vk.com/club202611080;https://vk.com/club202611080;2024-06-05 15:05;–ü—Ä–æ—Ä–µ–∑—ã–≤–∞–Ω–∏–µ –∑—É–±–æ–≤ —É –¥–µ—Ç–µ–π ‚Äì —ç—Ç–æ –µ—Å—Ç–µ—Å—Ç–≤–µ–Ω–Ω—ã–π –ø—Ä–æ—Ü–µ—Å—Å, –∫–æ—Ç–æ—Ä—ã–π –º–æ–∂–µ—Ç –≤—ã–∑—ã–≤–∞—Ç—å –¥–∏—Å–∫–æ–º—Ñ–æ—Ä—Ç –∫–∞–∫ —É —Ä–µ–±–µ–Ω–∫–∞, —Ç–∞–∫ –∏ —É —Ä–æ–¥–∏—Ç–µ–ª–µ–π. ü¶∑ –ü—Ä–∏–∑–Ω–∞–∫–∏ –ø—Ä–æ—Ä–µ–∑—ã–≤–∞–Ω–∏—è –∑—É–±–æ–≤ –º–æ–≥—É—Ç –≤–∫–ª—é—á–∞—Ç—å: 1. –°–ª—é–Ω–æ—Ç–µ—á–µ–Ω–∏–µ: —É—Å–∏–ª–µ–Ω–Ω–æ–µ —Å–ª—é–Ω–æ—Ç–µ—á–µ–Ω–∏–µ ‚Äì –æ–¥–∏–Ω –∏–∑ –Ω–∞–∏–±–æ–ª–µ–µ –æ—á–µ–≤–∏–¥–Ω—ã—Ö –ø—Ä–∏–∑–Ω–∞–∫–æ–≤. üòù 2. –†–∞–∑–¥—Ä–∞–∂–∏—Ç–µ–ª—å–Ω–æ—Å—Ç—å –∏ –ø–ª–∞–∫—Å–∏–≤–æ—Å—Ç—å: —Ä–µ–±–µ–Ω–æ–∫ –º–æ–∂–µ—Ç —Å—Ç–∞—Ç—å –±–æ–ª–µ–µ –∫–∞–ø—Ä–∏–∑–Ω—ã–º –∏ –ø–ª–∞–∫—Å–∏–≤—ã–º. üò£ 3. –û–ø—É—Ö—à–∏–µ –∏ —á—É–≤—Å—Ç–≤–∏—Ç–µ–ª—å–Ω—ã–µ –¥–µ—Å–Ω—ã: –¥–µ—Å–Ω—ã –º–æ–≥—É—Ç –ø–æ–∫—Ä–∞—Å–Ω–µ—Ç—å, –æ–ø—É—Ö–Ω—É—Ç—å –∏ —Å—Ç–∞—Ç—å –±–æ–ª–µ–∑–Ω–µ–Ω–Ω—ã–º–∏. ü¶∑ 4. –ù–∞—Ä—É—à–µ–Ω–∏–µ —Å–Ω–∞: —Ä–µ–±–µ–Ω–æ–∫ –º–æ–∂–µ—Ç –ø–ª–æ—Ö–æ —Å–ø–∞—Ç—å –∏–ª–∏ —á–∞—Å—Ç–æ –ø—Ä–æ—Å—ã–ø–∞—Ç—å—Å—è –Ω–æ—á—å—é. üò¥ 5. –ñ–µ–ª–∞–Ω–∏–µ —á—Ç–æ-—Ç–æ –≥—Ä—ã–∑—Ç—å: –º–∞–ª—ã—à –º–æ–∂–µ—Ç –ø—ã—Ç–∞—Ç—å—Å—è –≥—Ä—ã–∑—Ç—å –∏–≥—Ä—É—à–∫–∏, –ø–∞–ª—å—Ü—ã –∏–ª–∏ –¥—Ä—É–≥–∏–µ –ø—Ä–µ–¥–º–µ—Ç—ã, —á—Ç–æ–±—ã –æ–±–ª–µ–≥—á–∏—Ç—å –¥–∏—Å–∫–æ–º—Ñ–æ—Ä—Ç.üß∏ 6. –û—Ç–∫–∞–∑ –æ—Ç –µ–¥—ã: —Ä–µ–±–µ–Ω–æ–∫ –º–æ–∂–µ—Ç –æ—Ç–∫–∞–∑—ã–≤–∞—Ç—å—Å—è –æ—Ç –µ–¥—ã –∏–∑-–∑–∞ –±–æ–ª–∏ –≤ –¥–µ—Å–Ω–∞—Ö.üçº 7. –ù–µ–±–æ–ª—å—à–æ–µ –ø–æ–≤—ã—à–µ–Ω–∏–µ —Ç–µ–º–ø–µ—Ä–∞—Ç—É—Ä—ã: –ª–µ–≥–∫–∏–π –∂–∞—Ä –º–æ–∂–µ—Ç —Å–æ–ø—Ä–æ–≤–æ–∂–¥–∞—Ç—å –ø—Ä–æ—Ä–µ–∑—ã–≤–∞–Ω–∏–µ –∑—É–±–æ–≤, –Ω–æ –≤—ã—Å–æ–∫–∞—è —Ç–µ–º–ø–µ—Ä–∞—Ç—É—Ä–∞ –æ–±—ã—á–Ω–æ –Ω–µ —Å–≤—è–∑–∞–Ω–∞ —Å —ç—Ç–∏–º –ø—Ä–æ—Ü–µ—Å—Å–æ–º. üå°Ô∏è ‚ùóÔ∏è–ö–∞–∫ –ø–æ–º–æ—á—å —Ä–µ–±–µ–Ω–∫—É –ø—Ä–∏ –ø—Ä–æ—Ä–µ–∑—ã–≤–∞–Ω–∏–∏ –∑—É–±–æ–≤: 1. –ú–∞—Å—Å–∞–∂ –¥–µ—Å–µ–Ω: –ª–µ–≥–∫–∏–π –º–∞—Å—Å–∞–∂ –¥–µ—Å–µ–Ω –Ω–∞–ø–∞–ª—å—á–Ω–∏–∫–æ–º –∏–ª–∏ —á–∏—Å—Ç—ã–º –ø–∞–ª—å—Ü–µ–º –º–æ–∂–µ—Ç –ø–æ–º–æ—á—å —É–º–µ–Ω—å—à–∏—Ç—å –±–æ–ª—å. ‚úãüèª 2. –ú–æ–∫—Ä—ã–µ —Å–∞–ª—Ñ–µ—Ç–∫–∏: –º–æ–∂–Ω–æ –¥–∞—Ç—å —Ä–µ–±–µ–Ω–∫—É —á–∏—Å—Ç—É—é, –º–æ–∫—Ä—É—é —Ç–∫–∞–Ω—å –¥–ª—è –∂–µ–≤–∞–Ω–∏—è.üåä –•–æ–ª–æ–¥–Ω–∞—è —Ç–∫–∞–Ω—å –ø–æ–º–æ–∂–µ—Ç —É—Å–ø–æ–∫–æ–∏—Ç—å –≤–æ—Å–ø–∞–ª–µ–Ω–Ω—ã–µ –¥–µ—Å–Ω—ã. 3. –í–æ–¥–Ω—ã–µ –ø—Ä–æ—Ä–µ–∑—ã–≤–∞—Ç–µ–ª–∏: –ø—Ä–æ—Ä–µ–∑—ã–≤–∞—Ç–µ–ª–∏, –∫–æ—Ç–æ—Ä—ã–µ –º–æ–∂–Ω–æ –æ—Ö–ª–∞–¥–∏—Ç—å –≤ —Ö–æ–ª–æ–¥–∏–ª—å–Ω–∏–∫–µ, –ø–æ–º–æ–≥–∞—é—Ç —Å–Ω–∏–∑–∏—Ç—å –≤–æ—Å–ø–∞–ª–µ–Ω–∏–µ –∏ –æ–±–ª–µ–≥—á–∏—Ç—å –±–æ–ª—å. –ï—Å–ª–∏ –Ω–µ—Ç –ø—Ä–æ—Ä–µ–∑—ã–≤–∞—Ç–µ–ª—è, –Ω–æ –≤—ã —É–∂–µ –≤–≤–µ–ª–∏ –ø—Ä–∏–∫–æ—Ä–º, –º–æ–∂–Ω–æ –∏—Å–ø–æ–ª—å–∑–æ–≤–∞—Ç—å –Ω–∏–±–ª–µ—Ä —Å –æ—Ö–ª–∞–∂–¥—ë–Ω–Ω—ã–º–∏ –∫—É—Å–æ—á–∫–∞–º–∏ —è–±–ª–æ–∫. –í–∞–∂–Ω–æ –Ω–µ –∏—Å–ø–æ–ª—å–∑–æ–≤–∞—Ç—å –∑–∞–º–æ—Ä–æ–∂–µ–Ω–Ω—ã–µ –ø—Ä–µ–¥–º–µ—Ç—ã! ‚ùÑ 4. –ú—è–≥–∫–∏–µ –ø—Ä–æ—Ä–µ–∑—ã–≤–∞—Ç–µ–ª–∏: –ø—Ä–æ—Ä–µ–∑—ã–≤–∞—Ç–µ–ª–∏ –∏ –∏–≥—Ä—É—à–∫–∏, –ø—Ä–µ–¥–Ω–∞–∑–Ω–∞—á–µ–Ω–Ω—ã–µ –¥–ª—è –∂–µ–≤–∞–Ω–∏—è, –º–æ–≥—É—Ç –æ—Ç–≤–ª–µ—á—å —Ä–µ–±–µ–Ω–∫–∞ –∏ —É–º–µ–Ω—å—à–∏—Ç—å –¥–∏—Å–∫–æ–º—Ñ–æ—Ä—Ç. üß∏ 5. –û–±–µ–∑–±–æ–ª–∏–≤–∞—é—â–∏–µ –≥–µ–ª–∏: —Å—É—â–µ—Å—Ç–≤—É—é—Ç —Å–ø–µ—Ü–∏–∞–ª—å–Ω—ã–µ –≥–µ–ª–∏ –¥–ª—è –ø—Ä–æ—Ä–µ–∑—ã–≤–∞–Ω–∏—è –∑—É–±–æ–≤, –∫–æ—Ç–æ—Ä—ã–µ –Ω–∞–Ω–æ—Å—è—Ç—Å—è –Ω–∞ –¥–µ—Å–Ω—ã. –í–∞–∂–Ω–æ —Å–ª–µ–¥–æ–≤–∞—Ç—å –∏–Ω—Å—Ç—Ä—É–∫—Ü–∏–∏ –ø–æ –ø—Ä–∏–º–µ–Ω–µ–Ω–∏—é –∏ —Ä–µ–∫–æ–º–µ–Ω–¥–∞—Ü–∏—è–º –ø–µ–¥–∏–∞—Ç—Ä–∞. üíä 6. –û–±–µ–∑–±–æ–ª–∏–≤–∞—é—â–∏–µ –ø—Ä–µ–ø–∞—Ä–∞—Ç—ã: –ø—Ä–∏ —Å–∏–ª—å–Ω–æ–π –±–æ–ª–∏ –º–æ–∂–Ω–æ –∏—Å–ø–æ–ª—å–∑–æ–≤–∞—Ç—å –¥–µ—Ç—Å–∫–∏–µ –æ–±–µ–∑–±–æ–ª–∏–≤–∞—é—â–∏–µ —Å—Ä–µ–¥—Å—Ç–≤–∞. –ü–µ—Ä–µ–¥ –ø—Ä–∏–º–µ–Ω–µ–Ω–∏–µ–º –æ–±—è–∑–∞—Ç–µ–ª—å–Ω–æ –ø—Ä–æ–∫–æ–Ω—Å—É–ª—å—Ç–∏—Ä—É–π—Ç–µ—Å—å —Å –≤—Ä–∞—á–æ–º. üíä –í–∞–∂–Ω–æ –ø–æ–º–Ω–∏—Ç—å, —á—Ç–æ –ø—Ä–æ—Ä–µ–∑—ã–≤–∞–Ω–∏–µ –∑—É–±–æ–≤ ‚Äì —ç—Ç–æ –≤—Ä–µ–º–µ–Ω–Ω—ã–π –ø—Ä–æ—Ü–µ—Å—Å –∏ —Å–∏–º–ø—Ç–æ–º—ã –ø—Ä–æ–π–¥—É—Ç. –û–¥–Ω–∞–∫–æ, –µ—Å–ª–∏ —É –≤–∞—à–µ–≥–æ —Ä–µ–±–µ–Ω–∫–∞ –Ω–∞–±–ª—é–¥–∞—é—Ç—Å—è –≤—ã—Å–æ–∫–∞—è —Ç–µ–º–ø–µ—Ä–∞—Ç—É—Ä–∞, –¥–ª–∏—Ç–µ–ª—å–Ω—ã–π –æ—Ç–∫–∞–∑ –æ—Ç –ø–∏—â–∏ –∏–ª–∏ –¥—Ä—É–≥–∏–µ —Ç—Ä–µ–≤–æ–∂–Ω—ã–µ —Å–∏–º–ø—Ç–æ–º—ã, —Å–ª–µ–¥—É–µ—Ç –æ–±—Ä–∞—Ç–∏—Ç—å—Å—è –∫ –≤—Ä–∞—á—É, —á—Ç–æ–±—ã –∏—Å–∫–ª—é—á–∏—Ç—å –¥—Ä—É–≥–∏–µ –≤–æ–∑–º–æ–∂–Ω—ã–µ –ø—Ä–∏—á–∏–Ω—ã –ø–ª–æ—Ö–æ–≥–æ —Å–∞–º–æ—á—É–≤—Å—Ç–≤–∏—è. üë©‚Äç‚öïÔ∏è #—Å–æ–≤–µ—Ç—ã@mamatama;42;6;54;710;;–ú–ê–ú–ê –¢–ê–ú–ê –ø–æ–º–æ–≥–∞–µ—Ç –º–∞–º–∞–º!;8474
https://vk.com/wall-223821796_899;https://vk.com/club223821796?w=wall-223821796_899;https://vk.com/club223821796;https://vk.com/club223821796;2024-06-05 13:21;–õ–æ—Ç–µ—Ä–µ—èüéâ –º–∏–Ω–∏-–Ω–∞–±–æ—Ä –û–±–ª–∞—á–∫–æ –¥–ª—è –º–∞–ª–µ–Ω—å–∫–∏—Ö –ø—Ä–∏–Ω—Ü–µ—Å—Å –≤—Å–µ–≥–æ –∑–∞ 30 —Ä—É–±–ª–µ–πüéÅ  –í –Ω–∞–±–æ—Ä –≤—Ö–æ–¥–∏—Ç: ‚úÖ –±—Ä–∞—Å–ª–µ—Ç –û–±–ª–∞—á–∫–æ  ‚úÖ –ø—Ä–æ—Ä–µ–∑—ã–≤–∞—Ç–µ–ª—å –∑—É–±–Ω–∞—è —â—ë—Ç–∫–∞ ‚úÖ –Ω–∏–±–ª–µ—Ä –¥–ª—è –ø–µ—Ä–≤–æ–≥–æ –ø—Ä–∏–∫–æ—Ä–º–∞  –í –ª–æ—Ç–µ—Ä–µ–µ —É—á–∞—Å—Ç–≤—É–µ—Ç 25 –±–∏–ª–µ—Ç–∏–∫–æ–≤ üé´  –°–≤–æ–±–æ–¥–Ω—ã–µ –Ω–æ–º–µ—Ä–∫–∏: 1,2,3,4,8,9 11,12,13,14,16,17,18,19 20,21,22  –ù–µ–æ–±—Ö–æ–¥–∏–º–æ: ‚úÖ–±—ã—Ç—å –ø–æ–¥–ø–∏—Å—á–∏–∫–æ–º —Å–æ–æ–±—â–µ—Å—Ç–≤–∞  ‚úÖ–°–¥–µ–ª–∞—Ç—å —Ä–µ–ø–æ—Å—Ç –∏ –ø–æ—Å—Ç–∞–≤–∏—Ç—å –ª–∞–π–∫ –¥–∞–Ω–Ω–æ–π –∑–∞–ø–∏—Å–∏  ‚úÖ –≤ –∫–æ–º–º–µ–Ω—Ç–∞—Ä–∏—è—Ö —É–∫–∞–∂–∏ –Ω–æ–º–µ—Ä–∞ –±–∏–ª–µ—Ç–∏–∫–æ–≤ (–∫–æ–ª–∏—á–µ—Å—Ç–≤–æ –Ω–µ –æ–≥—Ä–∞–Ω–∏—á–µ–Ω–æ)  ‚ÄºÔ∏è–î–æ—Å—Ç–∞–≤–∫–∞ –ø—Ä–∏–∑–∞ –æ—Å—É—â–µ—Å—Ç–≤–ª—è–µ—Ç—Å—è –∑–∞ —Å—á–µ—Ç –ø–æ–±–µ–¥–∏—Ç–µ–ª—è, –æ—Ç–ø—Ä–∞–≤–∫–∞ –ø–æ—á—Ç–æ–π –†–æ—Å—Å–∏–∏ üì¶  üî• –ü–†–ò–Ø–¢–ù–´–ô –ë–û–ù–£–° üí• –ü–æ–±–µ–¥–∏—Ç–µ–ª—é —Å–¥–µ–ª–∞—é –∏–º–µ–Ω–Ω–æ–π –±—Ä–∞—Å–ª–µ—Ç–∏–∫ –ø–æ –∂–µ–ª–∞–Ω–∏—é!  ‚úÖ –†–æ–∑—ã–≥—Ä—ã—à —Å–æ—Å—Ç–æ–∏—Ç—Å—è –∫–∞–∫ —Ç–æ–ª—å–∫–æ –≤—Å–µ –Ω–æ–º–µ—Ä–∫–∏ –±—É–¥—É—Ç –≤—ã–∫—É–ø–ª–µ–Ω—ã;5;3;3;272;;–ì—Ä—ã–∑—É–Ω–∫–∏, –∏–º–µ–Ω–Ω—ã–µ –¥–µ—Ä–∂–∞—Ç–µ–ª–∏, –ø–æ—Å—É–¥–∞, –∏–≥—Ä—É—à–∫–∏;380
https://vk.com/wall-88405693_3561;https://vk.com/club88405693?w=wall-88405693_3561;https://vk.com/club88405693;https://vk.com/club88405693;2024-06-05 13:23;–ü—É—Ç–µ—à–µ—Å—Ç–≤–∏–µ —Å —Ä–µ–±–µ–Ω–∫–æ–º –Ω–µ –≤ —Ç—è–≥–æ—Å—Ç—å, –∞ –≤ —Ä–∞–¥–æ—Å—Ç—å!   –û—Ç–ø—Ä–∞–≤–ª—è—è—Å—å –≤ –ø—É—Ç–µ—à–µ—Å—Ç–≤–∏–µ —Å —Ä–µ–±–µ–Ω–∫–æ–º, –ø–æ–º–Ω–∏—Ç–µ: –ø—Ä–∞–≤–∏–ª—å–Ω–æ —Å–æ–±—Ä–∞–Ω–Ω–∞—è –∞–ø—Ç–µ—á–∫–∞ ‚Äì –∑–∞–ª–æ–≥ –≤–∞—à–µ–≥–æ —Å–ø–æ–∫–æ–π—Å—Ç–≤–∏—è.   –û —Ç–æ–º, —á—Ç–æ –≤—Å–µ–≥–¥–∞ –¥–æ–ª–∂–Ω–æ –±—ã—Ç—å –≤ –¥–µ—Ç—Å–∫–æ–π –∞–ø—Ç–µ—á–∫–µ –≤ –ø—É—Ç–µ—à–µ—Å—Ç–≤–∏–∏, —Ä–∞—Å—Å–∫–∞–∑–∞–ª–∞ –≤—Ä–∞—á-–ø–µ–¥–∏–∞—Ç—Ä –∫–ª–∏–Ω–∏–∫–∏ ¬´–°–µ–º–µ–π–Ω–∞—è¬ª –ö–æ—Ä–æ–ª–µ–≤–∞ –ï–ª–∏–∑–∞–≤–µ—Ç–∞ –ü–∞–≤–ª–æ–≤–Ω–∞.   1. –ü—É—Ç–µ—à–µ—Å—Ç–≤—É—è –ø–æ –†–æ—Å—Å–∏–∏, –Ω–µ –∑–∞–±—É–¥—å—Ç–µ –≤–∑—è—Ç—å —Å —Å–æ–±–æ–π –º–µ–¥–∏—Ü–∏–Ω—Å–∫–∏–π –ø–æ–ª–∏—Å. –û–Ω –¥–∞–µ—Ç –ø—Ä–∞–≤–æ –Ω–∞ –ø–æ–ª—É—á–µ–Ω–∏–µ –±–∞–∑–æ–≤—ã—Ö –º–µ–¥—É—Å–ª—É–≥ –Ω–∞ –±–µ—Å–ø–ª–∞—Ç–Ω–æ–π –æ—Å–Ω–æ–≤–µ.   2. –ó–∞ —Ä—É–±–µ–∂–æ–º –≤–∞—à–∞ –∑–∞—â–∏—Ç–∞ –æ—Ç –Ω–µ–ø—Ä–µ–¥–≤–∏–¥–µ–Ω–Ω—ã—Ö —Ä–∞—Å—Ö–æ–¥–æ–≤ ‚Äì —Ç—É—Ä–∏—Å—Ç–∏—á–µ—Å–∫–∞—è —Å—Ç—Ä–∞—Ö–æ–≤–∫–∞.   3. –ò–∑—É—á–∏—Ç–µ —ç–ø–∏–¥–µ–º–∏–æ–ª–æ–≥–∏—á–µ—Å–∫—É—é —Å–∏—Ç—É–∞—Ü–∏—é –≤ —Å—Ç—Ä–∞–Ω–µ, –≤ –∫–æ—Ç–æ—Ä—É—é –æ—Ç–ø—Ä–∞–≤–ª—è–µ—Ç–µ—Å—å –≤ –ø—É—Ç–µ—à–µ—Å—Ç–≤–∏–µ. –ü–µ—Ä–µ–¥ –ø–æ—Å–µ—â–µ–Ω–∏–µ–º –Ω–µ–∫–æ—Ç–æ—Ä—ã—Ö —Å—Ç—Ä–∞–Ω –º–æ–∂–µ—Ç –ø–æ–Ω–∞–¥–æ–±–∏—Ç—å—Å—è –≤–∞–∫—Ü–∏–Ω–∞—Ü–∏—è.   –ê —Ç–µ–ø–µ—Ä—å –ø–µ—Ä–µ–π–¥–µ–º –∫ —Å–æ—Å—Ç–∞–≤–ª—è—é—â–∏–º –¥–µ—Ç—Å–∫–æ–π –∞–ø—Ç–µ—á–∫–∏:   ‚Äì –ü—Ä–µ–ø–∞—Ä–∞—Ç—ã –¥–ª—è —Å–Ω–∏–∂–µ–Ω–∏—è —Ç–µ–º–ø–µ—Ä–∞—Ç—É—Ä—ã –∏ –æ–±–µ–∑–±–æ–ª–∏–≤–∞–Ω–∏—è –Ω–∞ –æ—Å–Ω–æ–≤–µ –∏–±—É–ø—Ä–æ—Ñ–µ–Ω–∞ –∏ –ø–∞—Ä–∞—Ü–µ—Ç–∞–º–æ–ª–∞ (¬´–ù—É—Ä–æ—Ñ–µ–Ω¬ª, ¬´–ò–±—É–∫–ª–∏–Ω¬ª), –¥–ª—è –º–∞–ª—ã—à–µ–π ‚Äì —Å–≤–µ—á–∏ (¬´–¶–µ—Ñ–µ–∫–æ–Ω¬ª). ‚Äì –ê–Ω—Ç–∏–≥–∏—Å—Ç–∞–º–∏–Ω–Ω—ã–µ —Å—Ä–µ–¥—Å—Ç–≤–∞: ¬´–¶–µ—Ç–∏—Ä–∏–∑–∏–Ω¬ª, ¬´–õ–æ—Ä–∞—Ç–∞–¥–∏–Ω¬ª, ¬´–î–µ–∑–ª–æ—Ä–∞—Ç–∞–¥–∏–Ω¬ª, ¬´–§–µ–Ω–∏—Å—Ç–∏–ª –≥–µ–ª—å¬ª –¥–ª—è –Ω–∞—Ä—É–∂–Ω–æ–≥–æ –ø—Ä–∏–º–µ–Ω–µ–Ω–∏—è. ‚Äì –ü—Ä–µ–ø–∞—Ä–∞—Ç—ã –¥–ª—è –Ω–æ—Å–∞ –∏ –≥–æ—Ä–ª–∞: ¬´–ê–∫–≤–∞–ª–æ—Ä¬ª, ¬´–ê–∫–≤–∞–º–∞—Ä–∏—Å¬ª, ¬´–õ–∏–Ω–∞–∫–≤–∞¬ª, ¬´–ê–Ω–≥–∏–¥–∞–∫¬ª, ¬´–û—Ä–∞–ª—Å–µ–ø—Ç¬ª. ‚Äì –°–æ—Å—É–¥–æ—Å—É–∂–∏–≤–∞—é—â–∏–µ: ¬´–û–∫—Å–∏–º–µ—Ç–∞–∑–æ–ª–∏–Ω¬ª, ¬´–ö—Å–∏–ª–æ–º–µ—Ç–∞–∑–æ–ª–∏–Ω¬ª. ‚Äì –ü—Ä–∏ –∂–µ–ª—É–¥–æ—á–Ω—ã—Ö —Ä–∞—Å—Å—Ç—Ä–æ–π—Å—Ç–≤–∞—Ö: —Å–æ—Ä–±–µ–Ω—Ç—ã (¬´–°–º–µ–∫—Ç–∞¬ª, ¬´–≠–Ω—Ç–µ—Ä–æ—Å–≥–µ–ª—å¬ª), —Å—Ä–µ–¥—Å—Ç–≤–∞ –æ—Ç –æ–±–µ–∑–≤–æ–∂–∏–≤–∞–Ω–∏—è (¬´–†–µ–≥–∏–¥—Ä–æ–Ω¬ª), –ø—Ä–∏ –∑–∞–ø–æ—Ä–∞—Ö ‚Äì –º–∏–∫—Ä–æ–∫–ª–∏–∑–º—ã, —Å–ª–∞–±–∏—Ç–µ–ª—å–Ω—ã–µ —Å–≤–µ—á–∏. ‚Äì –ü—Ä–æ—Ç–∏–≤–æ—Ä–≤–æ—Ç–Ω—ã–µ: ¬´–ú–æ—Ç–∏–ª–∏—É–º¬ª, ¬´–¶–µ—Ä—É–∫–∞–ª¬ª ‚Äì —Å 6 –ª–µ—Ç. ‚Äì –û—Ç —É–∫–∞—á–∏–≤–∞–Ω–∏—è: ¬´–î—Ä–∞–º–∏–Ω–∞¬ª, ¬´–ê–≤–∏–∞-–º–æ—Ä–µ¬ª. ‚Äì –ó–∞—â–∏—Ç–∞ –æ—Ç —Å–æ–ª–Ω—Ü–∞: –∫—Ä–µ–º—ã SPF50+, –ø—Ä–∏ –æ–∂–æ–≥–∞—Ö ‚Äì ¬´–ü–∞–Ω—Ç–µ–Ω–æ–ª¬ª 5%.   –ß—Ç–æ –º–æ–∂–µ—Ç –ø–æ–Ω–∞–¥–æ–±–∏—Ç—å—Å—è –µ—â–µ:   ‚Äì –¢–µ—Ä–º–æ–º–µ—Ç—Ä –≤ –∑–∞—â–∏—Ç–Ω–æ–º —Ñ—É—Ç–ª—è—Ä–µ, ‚Äì –ê–Ω—Ç–∏—Å–µ–ø—Ç–∏–∫–∏: –ø–µ—Ä–µ–∫–∏—Å—å –≤–æ–¥–æ—Ä–æ–¥–∞, —Ö–ª–æ—Ä–≥–µ–∫—Å–∏–¥–∏–Ω, ‚Äì –†–µ–ø–µ–ª–ª–µ–Ω—Ç—ã ‚Äì –∑–∞—â–∏—Ç–∞ –æ—Ç —É–∫—É—Å–æ–≤ –Ω–∞—Å–µ–∫–æ–º—ã—Ö, ‚Äì –£—Å—Ç—Ä–æ–π—Å—Ç–≤–æ –¥–ª—è —É–¥–∞–ª–µ–Ω–∏—è –∫–ª–µ—â–∞ –∏ –∫–æ–Ω—Ç–µ–π–Ω–µ—Ä –¥–ª—è —Ö—Ä–∞–Ω–µ–Ω–∏—è –ø—Ä–∏ –ø–æ—Ö–æ–¥–∞—Ö –≤ –ª–µ—Å–æ–ø–æ–ª–æ—Å–µ.   –î–æ–ø–æ–ª–Ω–∏—Ç–µ–ª—å–Ω–æ –º–æ–∂–Ω–æ –≤–∑—è—Ç—å –ø–µ—Ä–µ–≤—è–∑–æ—á–Ω—ã–π –º–∞—Ç–µ—Ä–∏–∞–ª (–±–∏–Ω—Ç, –≤–∞—Ç–∞, –º–∞—Ä–ª–µ–≤—ã–µ —Å–∞–ª—Ñ–µ—Ç–∫–∏), –ø–ª–∞—Å—Ç—ã—Ä—å (–±–∞–∫—Ç–µ—Ä–∏—Ü–∏–¥–Ω—ã–π, –ª–µ–π–∫–æ–ø–ª–∞—Å—Ç—ã—Ä—å).   –ö–æ–Ω–µ—á–Ω–æ, —Å–ø–∏—Å–æ–∫ –ª–µ–∫–∞—Ä—Å—Ç–≤ –≤ –ø–æ–µ–∑–¥–∫—É –º–æ–∂–µ—Ç –≤–∞—Ä—å–∏—Ä–æ–≤–∞—Ç—å—Å—è. –ù–∞–ø—Ä–∏–º–µ—Ä, –µ—Å–ª–∏ –≤—ã –ø—É—Ç–µ—à–µ—Å—Ç–≤—É–µ—Ç–µ —Å —Ä–µ–±–µ–Ω–∫–æ–º –º–ª–∞–¥—à–µ –≥–æ–¥–∞, –ø–æ–ª–æ–∂–∏—Ç–µ –≤ –∞–ø—Ç–µ—á–∫—É –≥–µ–ª—å –¥–ª—è –æ–±–ª–µ–≥—á–µ–Ω–∏—è –ø—Ä–æ—Ä–µ–∑—ã–≤–∞–Ω–∏—è –∑—É–±–æ–≤, –Ω–∞–∑–∞–ª—å–Ω—ã–π –∞—Å–ø–∏—Ä–∞—Ç–æ—Ä, –≥–∞–∑–æ–æ—Ç–≤–æ–¥–Ω—É—é —Ç—Ä—É–±–∫—É.   –û–±—Ä–∞—â–∞–µ–º –≤–∞—à–µ –≤–Ω–∏–º–∞–Ω–∏–µ, —á—Ç–æ —É –ø—Ä–µ–ø–∞—Ä–∞—Ç–æ–≤ –∏–º–µ—é—Ç—Å—è –ø—Ä–æ—Ç–∏–≤–æ–ø–æ–∫–∞–∑–∞–Ω–∏—è. –ü–µ—Ä–µ–¥ –ø—Ä–∏–º–µ–Ω–µ–Ω–∏–µ–º –Ω–µ–æ–±—Ö–æ–¥–∏–º–æ –ø–æ–ª—É—á–µ–Ω–∏–µ –∫–æ–Ω—Å—É–ª—å—Ç–∞—Ü–∏–∏ —Å–ø–µ—Ü–∏–∞–ª–∏—Å—Ç–∞.   –ê —Ç–µ–ø–µ—Ä—å ‚Äì —Å–º–µ–ª–æ –≤ –ø—É—Ç—å! –ñ–µ–ª–∞–µ–º –≤–∞–º –ø—Ä–∏—è—Ç–Ω–æ–≥–æ –æ—Ç–¥—ã—Ö–∞ –∏ –æ—Ç–ª–∏—á–Ω–æ–≥–æ –Ω–∞—Å—Ç—Ä–æ–µ–Ω–∏—è!;4;1;1;256;;"–ö–ª–∏–Ω–∏–∫–∞ ""–°–µ–º–µ–π–Ω–∞—è"" –≤ –¢—É–ª–µ";5665
https://vk.com/wall-196332922_2291;https://vk.com/club196332922?w=wall-196332922_2291;https://vk.com/club196332922;https://vk.com/club196332922;2024-06-05 13:07;"–ê–∫—É–ª—å–∏ –∑—É–±—ã —É –¥–µ—Ç–µ–π ü¶à  –î–≤–æ–π–Ω—ã–µ –∏–ª–∏ ¬´–∞–∫—É–ª—å–∏¬ª –∑—É–±—ã —É –¥–µ—Ç–µ–π –ø–æ—è–≤–ª—è—é—Ç—Å—è, –∫–æ–≥–¥–∞ –º–æ–ª–æ—á–Ω—ã–π –∑—É–± –∏ –∑–∞—á–∞—Ç–æ–∫ –∫–æ—Ä–µ–Ω–Ω–æ–≥–æ –Ω–∞—Ö–æ–¥—è—Ç—Å—è –≤ —Ä–∞–∑–Ω—ã—Ö —Ç–æ—á–∫–∞—Ö —Ä–æ—Ç–æ–≤–æ–π –ø–æ–ª–æ—Å—Ç–∏. –ü—Ä–∏ –ø—Ä–æ—Ä–µ–∑—ã–≤–∞–Ω–∏–∏ –Ω–æ–≤–æ–≥–æ –∫–æ–º–ø–ª–µ–∫—Ç–∞ –º–æ–ª–æ—á–Ω—ã–π –∑—É–± –Ω–µ –≤—ã–ø–∞–¥–∞–µ—Ç –∏ –Ω–æ–≤—ã–π –∑—É–± –≤—ã—Ä–∞—Å—Ç–∞–µ—Ç –Ω–∞–¥ –Ω–∏–º. –í —Ä–µ–∑—É–ª—å—Ç–∞—Ç–µ —É —Ä–µ–±—ë–Ω–∫–∞ —Ñ–æ—Ä–º–∏—Ä—É—é—Ç—Å—è –¥–≤–∞ –∑—É–±–Ω—ã—Ö —Ä—è–¥–∞.  –¢–∞–∫–∞—è –∞–Ω–æ–º–∞–ª–∏—è —Ä–æ—Å—Ç–∞ –∑—É–±–æ–≤ –ø—Ä–∏–≤–æ–¥–∏—Ç –∫ —Å–µ—Ä—å—ë–∑–Ω—ã–º –ø–æ—Å–ª–µ–¥—Å—Ç–≤–∏—è–º –¥–ª—è –∑–¥–æ—Ä–æ–≤—å—è —Ä–µ–±—ë–Ω–∫–∞, –º–µ—à–∞–µ—Ç —Ä–∞–∑–≤–∏—Ç–∏—é –Ω–æ—Ä–º–∞–ª—å–Ω–æ–≥–æ –∑—É–±–Ω–æ–≥–æ —Ä—è–¥–∞ –∏ –≤–µ–¥—ë—Ç –∫ –Ω–∞—Ä—É—à–µ–Ω–∏—é –ø—Ä–∏–∫—É—Å–∞. –í–¥–æ–±–∞–≤–æ–∫ –≤—ã–≥–ª—è–¥—è—Ç —Ç–∞–∫–∏–µ –∑—É–±—ã –Ω–µ—ç—Å—Ç–µ—Ç–∏—á–Ω–æ –∏ —Ä–µ–±—ë–Ω–æ–∫ –º–æ–∂–µ—Ç —Å—Ç–µ—Å–Ω—è—Ç—å—Å—è —Å–≤–æ–∏—Ö –∑—É–±–æ–≤ üôÅ  ü¶∑ –ü–æ—á–µ–º—É –ø–æ—è–≤–ª—è—é—Ç—Å—è ""–≤—Ç–æ—Ä—ã–µ"" –∑—É–±—ã?  –ß–∞—Å—Ç–∞—è –ø—Ä–∏—á–∏–Ω–∞ ‚Äì —Ä–µ–¥–∫–æ–µ —É–ø–æ—Ç—Ä–µ–±–ª–µ–Ω–∏–µ —Ç–≤–µ—Ä–¥–æ–π –ø–∏—â–∏. –ó—É–±—ã –Ω–µ –ø–æ–ª—É—á–∞—é—Ç –Ω–µ–æ–±—Ö–æ–¥–∏–º—É—é –∂–µ–≤–∞—Ç–µ–ª—å–Ω—É—é –Ω–∞–≥—Ä—É–∑–∫—É, –∏–∑-–∑–∞ —á–µ–≥–æ –∫–æ—Ä–Ω–∏ –º–æ–ª–æ—á–Ω—ã—Ö –∑—É–±–æ–≤ —Ä–∞—Å—Å–∞—Å—ã–≤–∞—é—Ç—Å—è –º–µ–¥–ª–µ–Ω–Ω–æ.  ‚úÖ –ü—Ä–æ—Ñ–∏–ª–∞–∫—Ç–∏–∫–∞ ""–∞–∫—É–ª—å–∏—Ö –∑—É–±–æ–≤"". –†–µ–≥—É–ª—è—Ä–Ω–æ –¥–∞–≤–∞–π—Ç–µ —Ä–µ–±—ë–Ω–∫—É —Å–≤–µ–∂–∏–µ –æ–≤–æ—â–∏ –∏ —Ñ—Ä—É–∫—Ç—ã, –∫–æ—Ç–æ—Ä—ã–µ –º–æ–∂–Ω–æ –≥—Ä—ã–∑—Ç—å,  –∏ –¥—Ä—É–≥—É—é –ø–∏—â—É, —Ç—Ä–µ–±—É—é—â—É—é —Ç—â–∞—Ç–µ–ª—å–Ω–æ–≥–æ –ø–µ—Ä–µ–∂—ë–≤—ã–≤–∞–Ω–∏—è.    ¬´–ê–∫—É–ª—å—è —É–ª—ã–±–∫–∞¬ª –Ω—É–∂–¥–∞–µ—Ç—Å—è –≤ —Å–≤–æ–µ–≤—Ä–µ–º–µ–Ω–Ω–æ–π –∫–æ—Ä—Ä–µ–∫—Ü–∏–∏.  ¬´–ê–∫—É–ª—å–∏ –∑—É–±—ã¬ª –Ω–∞—Ä—É—à–∞—é—Ç —Ä–∞–±–æ—Ç—É –ñ–ö–¢: —á–∞—Å—Ç–∏—á–∫–∏ –µ–¥—ã –ø–æ–ø–∞–¥–∞—é—Ç –ø–æ–¥ –¥–µ—Å–Ω—É, —Ä–µ–±—ë–Ω–æ–∫ –ø—Ä–æ–≥–ª–∞—Ç—ã–≤–∞–µ—Ç –Ω–µ–¥–æ—Å—Ç–∞—Ç–æ—á–Ω–æ –ø–µ—Ä–µ–∂—ë–≤–∞–Ω–Ω—É—é –ø–∏—â—É. –†–µ–∑—É–ª—å—Ç–∞—Ç —ç—Ç–æ–≥–æ ‚Äì –±–æ–ª–∏ –≤ –∂–∏–≤–æ—Ç–µ –∏ –º–µ—Ç–µ–æ—Ä–∏–∑–º. –°–¥–≤–æ–µ–Ω–Ω—ã–π –∑—É–±–Ω–æ–π —Ä—è–¥ —Ç–∞–∫–∂–µ –ø—Ä–∏–≤–æ–¥–∏—Ç –∫ –Ω–∞—Ä—É—à–µ–Ω–∏—é —É —Ä–µ–±—ë–Ω–∫–∞ –¥–∏–∫—Ü–∏–∏ –∏ –∞—Ä—Ç–∏–∫—É–ª—è—Ü–∏–∏.   –°–ø–µ—Ü–∏–∞–ª–∏—Å—Ç—ã ""–î–µ—Ç—Å–∫–æ–π —É–ª—ã–±–∫–∏"" —É—Å–ø–µ—à–Ω–æ —É—Å—Ç—Ä–∞–Ω—è—é—Ç –ø—Ä–æ–±–ª–µ–º—É ""–ê–∫—É–ª—å–∏—Ö –∑—É–±–æ–≤"" –∏ –¥–µ–ª–∞—é—Ç —É–ª—ã–±–∫—É –∫—Ä–∞—Å–∏–≤–æ–π –∏ –∑–¥–æ—Ä–æ–≤–æ–π.  –í–∞—à–∞ ""–î–µ—Ç—Å–∫–∞—è —É–ª—ã–±–∫–∞"" üß°  üìç –ú—É—Ä–º–∞–Ω—Å–∫, –í–æ–ª–æ–¥–∞—Ä—Å–∫–æ–≥–æ 7  ‚òé 42-48-48";0;2;1;242;;"–°—Ç–æ–º–∞—Ç–æ–ª–æ–≥–∏—è ""–î–µ—Ç—Å–∫–∞—è —É–ª—ã–±–∫–∞"". –ú—É—Ä–º–∞–Ω—Å–∫";3258
https://vk.com/wall823651635_72;https://vk.com/id823651635?w=wall823651635_72;https://vk.com/id823651635;https://vk.com/id823651635;2024-06-05 09:57;–ü—Ä–∏–Ω–∏–º–∞—é –∑–∞–∫–∞–∑—ã ü§ó  üíØ –ü—Ä–µ–∏–º—É—â–µ—Å—Ç–≤–∞ –≥—Ä—ã–∑—É–Ω–∫–æ–≤ –∏–∑ –ø–∏—â–µ–≤–æ–≥–æ —Å–∏–ª–∏–∫–æ–Ω–∞ –∏ –¥–µ—Ä–µ–≤–∞. –°–∏–ª–∏–∫–æ–Ω–æ–≤—ã–µ –≥—Ä—ã–∑—É–Ω–∫–∏ —É–ø—Ä—É–≥–∏–µ, –Ω–æ –ø—Ä–∏ —ç—Ç–æ–º –º—è–≥–∫–∏–µ, –ø–æ—ç—Ç–æ–º—É –ø–æ–¥—Ö–æ–¥—è—Ç –¥–∞–∂–µ —Å–æ–≤—Å–µ–º –º–∞–ª–µ–Ω—å–∫–∏–º –¥–µ—Ç–∫–∞–º (–æ—Ç 2-3 –º–µ—Å—è—Ü–µ–≤). –§–æ—Ä–º–∏—Ä–æ–≤–∞–Ω–∏–µ –∑—É–±–æ–≤ –Ω–∞—á–∏–Ω–∞–µ—Ç—Å—è –∑–∞–¥–æ–ª–≥–æ –¥–æ –ø—Ä–æ—Ä–µ–∑—ã–≤–∞–Ω–∏—è, –ø–æ—ç—Ç–æ–º—É –∂–µ–≤–∞–Ω–∏–µ –º—è–≥–∫–æ–≥–æ –≥—Ä—ã–∑—É–Ω–∫–∞ —á—Ä–µ–∑–≤—ã—á–∞–π–Ω–æ –ø–æ–ª–µ–∑–Ω–æ –¥–ª—è –º–ª–∞–¥–µ–Ω—Ü–∞. –ö—Ä–æ–º–µ —Ç–æ–≥–æ, —Å–∏–ª–∏–∫–æ–Ω –º–æ–∂–Ω–æ –æ—Ö–ª–∞–∂–¥–∞—Ç—å ‚ùÑÔ∏è, —á—Ç–æ–±—ã —É—Å–∏–ª–∏–≤–∞—Ç—å –æ–±–µ–∑–±–æ–ª–∏–≤–∞—é—â–∏–π —ç—Ñ—Ñ–µ–∫—Ç –∏ —Å–Ω–∏–º–∞—Ç—å –æ—Ç–µ—á–Ω–æ—Å—Ç—å –¥–µ—Å–µ–Ω.–¢–≤–µ—Ä–¥—ã–π –¥–µ—Ä–µ–≤—è–Ω–Ω—ã–π –≥—Ä—ã–∑—É–Ω–æ–∫ –æ–ø—Ç–∏–º–∞–ª–µ–Ω –¥–ª—è –¥–µ—Ç–µ–π –ø–æ—Å—Ç–∞—Ä—à–µ. –û–Ω —Å–æ–∑–¥–∞–µ—Ç –ø—Ä–∞–≤–∏–ª—å–Ω—É—é –Ω–∞–≥—Ä—É–∑–∫—É –Ω–∞ –¥–µ—Å–Ω—ã –≤ —Ç–æ—Ç –ø–µ—Ä–∏–æ–¥, –∫–æ–≥–¥–∞ –∏–¥–µ—Ç –∞–∫—Ç–∏–≤–Ω–æ–µ –ø—Ä–æ—Ä–µ–∑—ã–≤–∞–Ω–∏–µ –∑—É–±–æ–≤.;8;0;1;241;;–ì—Ä—ã–∑—É–Ω–æ–∫ –î–µ—Ä–∂–∞—Ç–µ–ª—å;1840
https://vk.com/wall143682899_1122;https://vk.com/id143682899?w=wall143682899_1122;https://vk.com/id143682899;https://vk.com/id143682899;2024-06-05 10:14;–ü—Ä–æ–≤–∞–ª –∫–æ–Ω–µ—á–Ω–æ....   –ù–æ —Ç–∞–∫ –±—ã–≤–∞–µ—Ç ü§∑‚Äç‚ôÄÔ∏èü§∑‚Äç‚ôÄÔ∏è  –ú—ã –Ω–µ —Å–º–æ–≥–ª–∏ –¥–æ–Ω–µ—Å—Ç–∏ —Ü–µ–Ω–Ω–æ—Å—Ç—å –Ω–∞—à–µ–≥–æ –∏–∑–¥–µ–ª–∏—è, –¥—Ä—É–≥–∏–µ –∑–∞–¥–∞—á–∏ –±—ã–ª–∏ –Ω–∞ —Ç–æ—Ç –º–æ–º–µ–Ω—Ç, –∫–æ–≥–¥–∞ –∑–∞–ø—É—Å–∫–∞–ª–∏ —ç—Ç–æ –Ω–æ–≤–æ–µ –∏–∑–¥–µ–ª–∏–µ , –∏ —É–ø—É—Å—Ç–∏–ª–∏ —ç—Ç–æ—Ç –º–æ–º–µ–Ω—Çüòîüòîüòî, –∞ –∞–ª–≥–æ—Ä–∏—Ç–º—ã –º–∞—Ä–∫–µ—Ç–ø–ª–µ–π—Å–æ–≤ —Ç–∞–∫–æ–≤—ã, —á—Ç–æ –µ—Å–ª–∏ –º–∞–ª–æ –ø—Ä–æ–¥–∞–∂, —Ç–æ —ç—Ç–∞ –∫–∞—Ä—Ç–æ—á–∫–∞ —Ç–æ–≤–∞—Ä–∞ —Ç—è–Ω–µ—Ç –≤–Ω–∏–∑ –≤–µ—Å—å –Ω–∞—à –∞—Å—Å–æ—Ä—Ç–∏–º–µ–Ω—Ç üò≠  –ü–û–≠–¢–û–ú–£!!! –£ –Ω–∞—Å —Ä–∞—Å–ø—Ä–æ–¥–∞–∂–∞ –Ω–∞–±–æ—Ä–æ–≤ –¥–ª—è –Ω–æ–≤–æ—Ä–æ–∂–¥–µ–Ω–Ω—ã—Ö!   –ë—É–¥–µ–º –ª–∏ –º—ã —Å–Ω–æ–≤–∞ –æ—Ç—à–∏–≤–∞—Ç—å –∏—Ö –∏ –∑–∞–≤–æ–¥–∏—Ç—å –Ω–æ–≤—É—é –∫–∞—Ä—Ç–æ—á–∫—É —Å —ç—Ç–∏–º —Ç–æ–≤–∞—Ä–æ–º, –º—ã –ø–æ–∫–∞ –Ω–µ –∑–Ω–∞–µ–º ü§î  –ù–∞–±–æ—Ä—ã –∫–ª–∞—Å—Å–Ω—ã–µ, —Å–æ—Å—Ç–æ—è—Ç –∏–∑ —à—É—Ä—à–∞—â–µ–≥–æ –≤–µ–ª—é—Ä–æ–≤–æ–≥–æ, —Å —Ä–∞–∑–Ω–æ—Ü–≤–µ—Ç–Ω–æ–π —Ä–µ–ø—Å–æ–≤–æ–π –ª–µ–Ω—Ç–æ–π –ø–ª–∞—Ç–æ—á–∫–∞ –∏ –≥—Ä—ã–∑—É–Ω–æ–∫ –¥–µ—Ä–µ–≤—è–Ω–Ω—ã–π —Å —à—É—Ä—à–∞—â–∏–º–∏ —É—à–∫–∞–º–∏!   –°–æ–≤—Å–µ–º –º–∞–ª—ã—à–∞–º üë∂ –æ–Ω–∏ –æ—á–µ–Ω—å –Ω—Ä–∞–≤—è—Ç—Å—è , —à—É—Ä—à–∞–ª–∫–∞ –≤–µ–ª—é—Ä–æ–≤–∞—è –ø—Ä–∏—è—Ç–Ω–∞—è –Ω–∞ –æ—â—É–ø—å –∏ –æ—á–µ–Ω—å —É–≤–ª–µ–∫–∞–µ—Ç, —É—Å–ø–æ–∫–∞–∏–≤–∞–µ—Ç , –≥—Ä—ã–∑—É–Ω–æ–∫ –¥–µ—Ä–µ–≤—è–Ω–Ω—ã–π —Å —à—É—Ä—à–∞—â–∏–º–∏ —É—à–∫–∞–º–∏ –º–µ–≥–∞ –ø–æ–ª–µ–∑–Ω—ã–π, —É—à–∫–∏ –º–æ–∂–Ω–æ —Å–Ω–∏–º–∞—Ç—å, —Å—Ç–∏—Ä–∞—Ç—å) –¶–µ–Ω–∞ –æ–æ—á–µ–Ω—å –ø—Ä–∏–≤–ª–µ–∫–∞—Ç–µ–ª—å–Ω–∞—è —Å–µ–π—á–∞—Å)   –°—Å—ã–ª–∫–∞ üëáüëáüëá  https://wildberries.ru/catalog/176260127/detail.aspx;21;0;0;160;;–ú–∞—Ä–∏—è –°–∫–æ–∫;2237
https://vk.com/wall582968209_58135;https://vk.com/id582968209?w=wall582968209_58135;https://vk.com/id582968209;https://vk.com/id582968209;2024-06-05 10:03;–¶–µ–Ω–∞ —à—Ç—É—á–Ω–æ: 199—Ä—É–± –¶–µ–Ω–∞ –æ–ø—Ç–æ–º: 180—Ä—É–± (—É–ø–∞–∫. 10—à—Ç=1800—Ä—É–±) –ò–≥—Ä—É—à–∫–∞, –ø–ª–∞—Å—Ç–∏–∫ –±–µ–∑ –≤—ã–±–æ—Ä–∞ —Ü–≤–µ—Ç–∞ –†–∞–∑–≤–∏–≤–∞—é—â–∞—è –∏–≥—Ä—É—à–∫–∞ —Ç–µ–ª–µ—Ñ–æ–Ω –ü–æ—Ç—Ä—è—Å–∞—é—â–∞—è –∏–≥—Ä—É—à–∫–∞ –¥–ª—è –∫–∞–∂–¥–æ–≥–æ —Ä–µ–±–µ–Ω–∫–∞. –û—á–µ–Ω—å –º–∏–ª—ã–π –∏ —Å–∏–º–ø–∞—Ç–∏—á–Ω—ã–π –¥–∏–∑–∞–π–Ω, —Å–≤–µ—Ç–æ–≤—ã–µ –∏ –∑–≤—É–∫–æ–≤—ã–µ —ç—Ñ—Ñ–µ–∫—Ç—ã, —è—Ä–∫–∏–µ —Ü–≤–µ—Ç–∞. –ü—Ä–æ–∏–≥—Ä—ã–≤–∞–µ—Ç –º–µ–ª–æ–¥–∏–∏, –∫–æ–ª—ã–±–µ–ª—å–Ω—ã–µ, –ø–µ—Å–µ–Ω–∫–∏  –£—à–∫–∏ —Å —Ä–æ–∂–∫–∞–º–∏ –º—è–≥–∫–∏–µ, –º–æ–∂–Ω–æ –∏—Å–ø–æ–ª—å–∑–æ–≤–∞—Ç—å –≤ –∫–∞—á–µ—Å—Ç–≤–µ –ø—Ä–æ—Ä–µ–∑—ã–≤–∞—Ç–µ–ª–µ–π. –û–∑–≤—É—á–∫–∞ —Ä—É—Å—Å–∫–∞—è  –†–∞–∑–º–µ—Ä 14/8 —Å–º;2;2;1;133;;–°—É—Ö—Ä–æ–± –°–∞–π–∏–¥–æ–≤;13311
https://vk.com/wall-224733396_65;https://vk.com/club224733396?w=wall-224733396_65;https://vk.com/club224733396;https://vk.com/club224733396;2024-06-05 00:55;–ü–û–°–¢-–ó–ù–ê–ö–û–ú–°–¢–í–ûüëã   ‚ú¥–í—Å–µ–º –ø—Ä–∏–≤–µ—Ç! –ú–µ–Ω—è –∑–æ–≤—É—Ç –°–≤–µ—Ç–ª–∞–Ω–∞, —è –º–∞–º–∞ —á–µ—Ç—ã—Ä—ë—Ö –∑–∞–º–µ—á–∞—Ç–µ–ª—å–Ω—ã—Ö –¥–µ—Ç–æ–∫ –∏ –º–Ω–µ –∑–∞—Ö–æ—Ç–µ–ª–æ—Å—å –Ω–∞–π—Ç–∏ —Å–µ–±–µ –∑–∞–Ω—è—Ç–∏–µ –≤ –¥–µ–∫—Ä–µ—Ç–µ!   ‚ú¥–Ø —Ä–µ—à–∏–ª–∞, —á—Ç–æ —Ö–æ—á—É –∏ –±—É–¥—É –ø–æ–º–æ–≥–∞—Ç—å –¥–µ—Ç–∫–∞–º –≤–æ –≤—Ä–µ–º—è —Å–ª–æ–∂–Ω–æ–≥–æ –ø–µ—Ä–∏–æ–¥–∞ - –ø—Ä–æ—Ä–µ–∑—ã–≤–∞–Ω–∏–∏ –∑—É–±–æ–≤ü¶∑üë∂üèª. –ê –æ–ø—ã—Ç–∞ —É –º–µ–Ω—è –≤ —ç—Ç–æ–º –¥–µ–ª–µ –ø—Ä–µ–¥–æ—Å—Ç–∞—Ç–æ—á–Ω–æ!)  ‚ú¥–ú–Ω–µ –ø—Ä–∏—à–ª–æ –≤ –≥–æ–ª–æ–≤—É —Å–æ–∑–¥–∞—Ç—å —Å–≤–æ–π –ª–∏—á–Ω—ã–π –±—Ä–µ–Ω–¥ HAPPY TOSHKA‚ù§   ‚ú¥–Ø —É—á–∏–ª–∞—Å—å —É –æ–ø—ã—Ç–Ω—ã—Ö –º–∞—Å—Ç–µ—Ä–æ–≤, —Å–æ–∑–¥–∞–ª–∞ —Å–≤–æ–π –ª–æ–≥–æ—Ç–∏–ø, –≤–∏–∑–∏—Ç–∫–∏, –∑–∞–∫—É–ø–∏–ª–∏ —Ñ—É—Ä–Ω–∏—Ç—É—Ä—É, –ø–æ–¥–∞—Ä–æ—á–Ω—É—é —É–ø–∞–∫–æ–≤–∫—É. –Ø –æ—á–µ–Ω—å –≥–æ—Ä—é —ç—Ç–∏–º –¥–µ–ª–æ–º! –ò –º–Ω–µ –ø—Ä–∏—è—Ç–Ω–æ —á—Ç–æ –∏–º–µ–Ω–Ω—ã–µ –¥–µ—Ä–∂–∞—Ç–µ–ª–∏ –∏ –≥—Ä—ã–∑—É–Ω–∫–∏ —ç—Ç–æ –Ω–µ —Ç–æ–ª—å–∫–æ –∫—Ä–∞—Å–∏–≤—ã–π –∞–∫—Å–µ—Å—Å—É–∞—Ä –¥–ª—è –º–∞–ª—ã—à–∞, –Ω–æ –∏ –æ—á–µ–Ω—å –ø–æ–ª–µ–∑–Ω—ã–π!   ‚ú¥–í –æ–±—â–µ–º —è –±—É–¥—É –æ—á–µ–Ω—å —Ä–∞–¥–∞ –í–∞–º, –≤–∞—à–∏–º –∑–∞–∫–∞–∑–∞–º, –∫–æ–º–º–µ–Ω—Ç–∞—Ä–∏—è–º –∏ –ø–æ–∂–µ–ª–∞–Ω–∏—è–º!   –° –ª—é–±–æ–≤—å—é –∏ –∑–∞–±–æ—Ç–æ–π –æ –≤–∞—à–∏—Ö –º–∞–ª—ã—à–∞—Ö, –º–∞–≥–∞–∑–∏–Ω –¥–µ—Ç—Å–∫–∏—Ö –∞–∫—Å–µ—Å—Å—É–∞—Ä–æ–≤ HAPPY TOSHKA üåπ;15;1;0;117;;–ì–†–´–ó–£–ù–ö–ò –ö–°–¢–û–í–û | –ò–ú–ï–ù–ù–´–ï –î–ï–†–ñ–ê–¢–ï–õ–ò;21
https://vk.com/wall-159173765_6728;https://vk.com/club159173765?w=wall-159173765_6728;https://vk.com/club159173765;https://vk.com/club159173765;2024-06-05 14:15;"üëçüëçüëç–°–∫–∞–∑–∫–∞ –ù–∏–±–ª–µ—Ä —Å–∏–ª–∏–∫–æ–Ω . –ù–∏–±–ª–µ—Ä –¥–ª—è –ø—Ä–∏–∫–æ—Ä–º–∞ ""–°–∫–∞–∑–∫–∞"" —Å–æ–∑–¥–∞–Ω –¥–ª—è –±–µ–∑–æ–ø–∞—Å–Ω–æ–≥–æ –ø–∏—Ç–∞–Ω–∏—è –º–∞–ª—ã—à–∞ –∏ –æ–±—É—á–µ–Ω–∏—è —Å–∞–º–æ—Å—Ç–æ—è—Ç–µ–ª—å–Ω–æ–º—É —Ä–∞–∑–∂–µ–≤—ã–≤–∞–Ω–∏—é –ø–∏—â–∏. –ù–∏–±–ª–µ—Ä –Ω–µ–æ–±—Ö–æ–¥–∏–º –¥–ª—è –ø–æ—Å—Ç–µ–ø–µ–Ω–Ω–æ–≥–æ –≤–≤–µ–¥–µ–Ω–∏—è –≤ —Ä–∞—Ü–∏–æ–Ω —Ä–µ–±–µ–Ω–∫–∞ —Ç–≤–µ—Ä–¥–æ–≥–æ –ø—Ä–∏–∫–æ—Ä–º–∞. –ù–∏–±–ª–µ—Ä –æ—Å–Ω–∞—â–µ–Ω –≥–∏–ø–æ–∞–ª–ª–µ—Ä–≥–µ–Ω–Ω–æ–π –∏ –Ω–µ—Ç–æ–∫—Å–∏—á–Ω–æ–π —Å–∏–ª–∏–∫–æ–Ω–æ–≤–æ–π –Ω–∞—Å–∞–¥–∫–æ–π , —É–¥–æ–±–Ω–æ–π —Ä—É—á–∫–æ–π –∏ –∫—Ä—ã—à–∫–æ–π. –°–∏–ª–∏–∫–æ–Ω–æ–≤–∞—è –Ω–∞—Å–∞–¥–∫–∞ –º–Ω–æ–≥–æ—Ä–∞–∑–æ–≤–∞—è. –°–æ—Å–∫–∞ –¥–ª—è –ø—Ä–∏–∫–æ—Ä–º–∞ –∏–¥–µ–∞–ª—å–Ω–æ –ø–æ–¥—Ö–æ–¥–∏—Ç –¥–ª—è –∫–æ—Ä–º–ª–µ–Ω–∏—è —Ñ—Ä—É–∫—Ç–∞–º–∏, –æ–≤–æ—â–∞–º–∏, —è–≥–æ–¥–∞–º–∏, –º—è—Å–æ–º –∏ –¥—Ä—É–≥–æ–π –µ–¥–æ–π, —Å–æ–æ—Ç–≤–µ—Ç—Å—Ç–≤—É—é—â–µ–π –≤–æ–∑—Ä–∞—Å—Ç—É —Ä–µ–±–µ–Ω–∫–∞. –õ–µ–≥–∫–æ –º–æ–µ—Ç—Å—è. –£–¥–æ–±–Ω–∞—è —Ä—É—á–∫–∞ –ø–æ–∑–≤–æ–ª—è–µ—Ç –º–∞–ª—ã—à—É –Ω–∞–¥—ë–∂–Ω–æ —É–¥–µ—Ä–∂–∏–≤–∞—Ç—å –Ω–∏–±–ª–µ—Ä. –í–æ –≤—Ä–µ–º—è –ø—Ä–æ—Ä–µ–∑—ã–≤–∞–Ω–∏—è –∑—É–±–æ–≤ –Ω–∏–º–±–ª–µ—Ä –ø–æ—Å–ª—É–∂–∏—Ç –∫–∞–∫ –≥—Ä—ã–∑—É–Ω–æ–∫ –∏ –ø—Ä–æ—Ä–µ–∑—ã–≤–∞—Ç–µ–ª—å –¥–ª—è –∑—É–±–æ–≤ –∏ –ø–æ–º–æ–∂–µ—Ç —Å–Ω—è—Ç—å –∑—É–¥.üçéüçèüçé";3;0;1;103;;"–î–µ—Ç—Å–∫–∏–π –º–∞–≥–∞–∑–∏–Ω ""–°–µ–º–∫–∞""";2571
https://vk.com/wall582968209_58110;https://vk.com/id582968209?w=wall582968209_58110;https://vk.com/id582968209;https://vk.com/id582968209;2024-06-05 05:46;–¶–µ–Ω–∞ —à—Ç—É—á–Ω–æ: 200—Ä—É–± –¶–µ–Ω–∞ –æ–ø—Ç–æ–º: 150—Ä—É–± (—É–ø–∞–∫. 12—à—Ç=1800—Ä—É–±) –ò–≥—Ä—É—à–∫–∞, –ø–ª–∞—Å—Ç–∏–∫ –±–µ–∑ –≤—ã–±–æ—Ä–∞ —Ü–≤–µ—Ç–∞ –ü—Ä–æ–∏–≥—Ä—ã–≤–∞–µ—Ç –º–µ–ª–æ–¥–∏–∏, –∫–æ–ª—ã–±–µ–ª—å–Ω—ã–µ, –ø–µ—Å–µ–Ω–∫–∏  –£—à–∫–∏ —Å —Ä–æ–∂–∫–∞–º–∏ –º—è–≥–∫–∏–µ, –º–æ–∂–Ω–æ –∏—Å–ø–æ–ª—å–∑–æ–≤–∞—Ç—å –≤ –∫–∞—á–µ—Å—Ç–≤–µ –ø—Ä–æ—Ä–µ–∑—ã–≤–∞—Ç–µ–ª–µ–π. –û–∑–≤—É—á–∫–∞ —Ä—É—Å—Å–∫–∞—è  –†–∞–∑–º–µ—Ä 14/8 —Å–º;0;0;1;100;;–°—É—Ö—Ä–æ–± –°–∞–π–∏–¥–æ–≤;13311
https://vk.com/wall263821_9827;https://vk.com/id263821?w=wall263821_9827;https://vk.com/id263821;https://vk.com/id263821;2024-06-05 14:26;–ü—Ä–æ–¥–æ–ª–∂–∞—é —Ç–µ–º—É —Ä–æ–º–∞—à–µ–∫! üåº    –í—ã –∑–Ω–∞–µ—Ç–µ, —á—Ç–æ –º–µ–Ω—è –ø–æ—Ä–∞–∑–∏–ª–æ? –ö–∞–∫–æ–µ –∂–µ —à–∏—Ä–æ–∫–æ–µ –∏—Å–ø–æ–ª—å–∑–æ–≤–∞–Ω–∏–µ —ç—Ç–æ–≥–æ —ç—Ñ–∏—Ä–Ω–æ–≥–æ –º–∞—Å–ª–∞ –≤ —É—Ö–æ–¥–µ –∑–∞ –¥–µ—Ç—å–º–∏! –Ø –±—ã –¥–∞–∂–µ –Ω–∞–∑–≤–∞–ª–∞ –µ–≥–æ —Å–∞–º—ã–º –¥–µ—Ç—Å–∫–∏–º –º–∞—Å–ª–æ–º. –ù–æ –Ω–µ –∑–∞–±—ã–≤–∞–µ–º –∏ –ø—Ä–æ –≤–∑—Ä–æ—Å–ª—ã—Ö ‚Äì –∑–∞–±–æ—Ç–∞ –æ —Å–µ–±–µ –≤–∞–∂–Ω–∞ –¥–ª—è –≤—Å–µ—Ö.    –°–µ–≥–æ–¥–Ω—è —è –ø–æ–¥–µ–ª—é—Å—å —Ä–µ—Ü–µ–ø—Ç–∞–º–∏ –∏—Å–ø–æ–ª—å–∑–æ–≤–∞–Ω–∏—è —ç—Ñ–∏—Ä–Ω–æ–≥–æ –º–∞—Å–ª–∞ —Ä–∏–º—Å–∫–æ–π —Ä–æ–º–∞—à–∫–∏.    –ö–∞–∫ –ø—Ä–∏–º–µ–Ω—è—Ç—å –º–∞—Å–ª–æ –¥–ª—è –¥–µ—Ç–µ–π?    üê¨ –í–ê–ù–ù–´  –•–æ—Ç–∏—Ç–µ —É—Å–ø–æ–∫–æ–∏—Ç—å –≤–∞—à–µ–≥–æ –º–∞–ª—ã—à–∞ –∏ –æ–±–µ—Å–ø–µ—á–∏—Ç—å –µ–º—É —Å–ø–æ–∫–æ–π–Ω—ã–π —Å–æ–Ω? –ü–æ–ø—Ä–æ–±—É–π—Ç–µ —ç—Ç–æ—Ç —Ä–µ—Ü–µ–ø—Ç:  - –†–∞—Å—Ç–≤–æ—Ä–∏—Ç–µ 1 –∫–∞–ø–ª—é —Ä–∏–º—Å–∫–æ–π —Ä–æ–º–∞—à–∫–∏ –≤ 30 –º–ª —Å–ª–∏–≤–æ–∫.  - –î–æ–±–∞–≤—å—Ç–µ —ç—Ç—É —Å–º–µ—Å—å –≤ –≤–∞–Ω–Ω–æ—á–∫—É.  - –¢–∞–∫–∞—è –≤–∞–Ω–Ω–∞ —É—Å–ø–æ–∫–æ–∏—Ç –º–∞–ª—ã—à–∞ –∏ —Å—Ç–∞–Ω–µ—Ç –æ—Ç–ª–∏—á–Ω–æ–π –ø—Ä–æ—Ñ–∏–ª–∞–∫—Ç–∏–∫–æ–π —Å—ã–ø–∏ –æ—Ç –ø–æ–¥–≥—É–∑–Ω–∏–∫–æ–≤.    üêº –ü–†–û–†–ï–ó–´–í–ê–ù–ò–ï –ó–£–ë–û–í  –ü—Ä–æ—Ä–µ–∑—ã–≤–∞–Ω–∏–µ –∑—É–±–æ–≤ ‚Äì —ç—Ç–æ —Ç—Ä—É–¥–Ω—ã–π –ø–µ—Ä–∏–æ–¥ –∫–∞–∫ –¥–ª—è —Ä–µ–±–µ–Ω–∫–∞, —Ç–∞–∫ –∏ –¥–ª—è —Ä–æ–¥–∏—Ç–µ–ª–µ–π. –ú–∞—Å–ª–æ —Ä–∏–º—Å–∫–æ–π —Ä–æ–º–∞—à–∫–∏ –ø–æ–º–æ–∂–µ—Ç –æ–±–ª–µ–≥—á–∏—Ç—å —ç—Ç–æ—Ç –ø—Ä–æ—Ü–µ—Å—Å:  - –°–º–µ—à–∞–π—Ç–µ 1 –∫–∞–ø–ª—é —Ä–∏–º—Å–∫–æ–π —Ä–æ–º–∞—à–∫–∏ —Å 10 –º–ª –±–∞–∑–æ–≤–æ–≥–æ –º–∞—Å–ª–∞.  - –ú—è–≥–∫–æ –º–∞—Å—Å–∏—Ä—É–π—Ç–µ —â–µ–∫—É —Å —Ç–æ–π —Å—Ç–æ—Ä–æ–Ω—ã –ª–∏—Ü–∞, –≥–¥–µ —É —Ä–µ–±–µ–Ω–∫–∞ —Ä–µ–∂–µ—Ç—Å—è –∑—É–±.    üê• –ö–û–õ–ò–ö–ò  –ö–æ–ª–∏–∫–∏ —É –º–∞–ª—ã—à–µ–π ‚Äì —ç—Ç–æ –≤—Å–µ–≥–¥–∞ –ø—Ä–∏—á–∏–Ω–∞ –¥–ª—è –±–µ—Å–ø–æ–∫–æ–π—Å—Ç–≤–∞. –ü–æ–ø—Ä–æ–±—É–π—Ç–µ –Ω–µ–∂–Ω—ã–π –º–∞—Å—Å–∞–∂ —Å –º–∞—Å–ª–æ–º —Ä–∏–º—Å–∫–æ–π —Ä–æ–º–∞—à–∫–∏:  - –°–º–µ—à–∞–π—Ç–µ 1 –∫–∞–ø–ª—é —Ä–∏–º—Å–∫–æ–π —Ä–æ–º–∞—à–∫–∏ —Å 10 –º–ª –±–∞–∑–æ–≤–æ–≥–æ –º–∞—Å–ª–∞.  - –ù–∞–Ω–µ—Å–∏—Ç–µ –º–∞—Å–ª–æ –Ω–∞ —Ä—É–∫—É –∏ –ø–æ–≥–ª–∞–∂–∏–≤–∞–π—Ç–µ –∂–∏–≤–æ—Ç–∏–∫ –º—è–≥–∫–∏–º–∏ –∫—Ä—É–≥–æ–≤—ã–º–∏ –¥–≤–∏–∂–µ–Ω–∏—è–º–∏ –ø–æ —á–∞—Å–æ–≤–æ–π —Å—Ç—Ä–µ–ª–∫–µ –≤ —Ç–µ—á–µ–Ω–∏–µ –ø—Ä–∏–º–µ—Ä–Ω–æ –ø—è—Ç–∏ –º–∏–Ω—É—Ç.  - –†–µ–±–µ–Ω–æ–∫ –æ–±—è–∑–∞—Ç–µ–ª—å–Ω–æ –ø–æ—á—É–≤—Å—Ç–≤—É–µ—Ç –æ–±–ª–µ–≥—á–µ–Ω–∏–µ. üòä    –ù–µ –∑–∞–±—ã–≤–∞–µ–º –∏ –æ –≤–∑—Ä–æ—Å–ª—ã—Ö!  –î–ª—è –Ω–∞—Å —Ä–∏–º—Å–∫–∞—è —Ä–æ–º–∞—à–∫–∞ ‚Äì —É–Ω–∏–≤–µ—Ä—Å–∞–ª—å–Ω–æ–µ —É—Å–ø–æ–∫–∞–∏–≤–∞—é—â–µ–µ —Å—Ä–µ–¥—Å—Ç–≤–æ. –û–Ω–∞ –ø–æ–º–æ–≥–∞–µ—Ç –ø—Ä–∏:  - –í—ã—Å–æ–∫–æ–º –¥–∞–≤–ª–µ–Ω–∏–∏.  - –ü–ú–° –∏ –±–æ–ª—è—Ö –ø—Ä–∏ –º–µ—Å—è—á–Ω—ã—Ö.  - –ê–ª–ª–µ—Ä–≥–∏–∏, –≤—ã—Å—ã–ø–∞–Ω–∏—è—Ö –∏ –∫—Ä–∞–ø–∏–≤–Ω–∏—Ü–µ.    –ö—Ä–æ–º–µ —Ç–æ–≥–æ, —Ä–∏–º—Å–∫–∞—è —Ä–æ–º–∞—à–∫–∞ –∏–¥–µ–∞–ª—å–Ω–æ —É—Ö–∞–∂–∏–≤–∞–µ—Ç –∑–∞ –∫–æ–∂–µ–π. –°—É—Ö–∞—è, —Ä–∞–∑–¥—Ä–∞–∂–µ–Ω–Ω–∞—è –∏–ª–∏ —É–≤—è–¥–∞—é—â–∞—è –∫–æ–∂–∞? –î–æ–±–∞–≤—å—Ç–µ –∫–∞–ø–ª—é —Ä–æ–º–∞—à–∫–∏ –≤ —Å–≤–æ–π –∫—Ä–µ–º, –∏ –≤–∞—à–∞ –∫–æ–∂–∞ —Å–∫–∞–∂–µ—Ç –≤–∞–º ¬´—Å–ø–∞—Å–∏–±–æ¬ª. üåø    –ü–æ—Ç–æ—Ä–æ–ø–∏—Ç–µ—Å—å, —á—Ç–æ–±—ã –∑–∞–∫–∞–∑–∞—Ç—å —ç—Ç–æ —É–¥–∏–≤–∏—Ç–µ–ª—å–Ω–æ–µ –º–∞—Å–ª–æ –∏ –æ—â—É—Ç–∏—Ç—å –≤—Å—é —Å–∏–ª—É –ø—Ä–∏—Ä–æ–¥—ã —É —Å–µ–±—è –¥–æ–º–∞ —Å–æ —Å–∫–∏–¥–∫–æ–π 10%. –ù–∞—Å–ª–∞–∂–¥–∞–π—Ç–µ—Å—å –≤–æ–ª—à–µ–±–Ω—ã–º–∏ —Å–≤–æ–π—Å—Ç–≤–∞–º–∏ —Ä–æ–º–∞—à–∫–∏ –∏ –¥–∞—Ä–∏—Ç–µ –∑–¥–æ—Ä–æ–≤—å–µ —Å–≤–æ–∏–º –±–ª–∏–∑–∫–∏–º! üå∏;5;0;0;97;;–°–≤–µ—Ç–ª–∞–Ω–∞ –†–µ–º–Ω–µ–≤–∞;2523
https://vk.com/wall-118533171_13180;https://vk.com/club118533171?w=wall-118533171_13180;https://vk.com/club118533171;https://vk.com/club118533171;2024-06-05 16:50;"üî•üî•üî• –ü–û–°–¢–£–ü–õ–ï–ù–ò–ï üî•üî•üî•       üìåüìåüìå–¶–ï–ù–ê  100 —Ä—É–±–ª–µ–π. –ü—Ä–æ—Ä–µ–∑—ã–≤–∞—Ç–µ–ª—å ""–ë–∞–Ω—Ç–∏–∫"", 13*2*15 —Å–º";2;0;0;95;;–î–ï–¢–°–ö–ò–ï –¢–û–í–ê–†–´ –û–ü–¢ –ò –†–û–ó–ù–ò–¶–ê;65316
https://vk.com/wall45798120_2860;https://vk.com/id45798120?w=wall45798120_2860;https://vk.com/id45798120;https://vk.com/id45798120;2024-06-05 10:00;‚≠êÔ∏è–ü—Ä–æ—Ñ–∏–ª–∞–∫—Ç–∏–∫–∞ –Ω–∞—Ä—É—à–µ–Ω–∏–π –ø—Ä–∏–∫—É—Å–∞ —Å –ø–µ—Ä–≤–æ–≥–æ –≥–æ–¥–∞ –∂–∏–∑–Ω–∏ ‚≠êÔ∏è  –ñ–µ–≤–∞–Ω–∏–µ- —ç—Ç–æ –æ—Å–Ω–æ–≤–∞ –≥–∞—Ä–º–æ–Ω–∏—á–Ω–æ–≥–æ —Ä–∞–∑–≤–∏—Ç–∏—è —á–µ–ª—é—Å—Ç–µ–π, –ø—Ä–∞–≤–∏–ª—å–Ω–æ–≥–æ –ø—Ä–∏–∫—É—Å–∞ –∏ –∫—Ä–∞—Å–∏–≤–æ–≥–æ –ª–∏—Ü–∞üôåüèª  –ù–∞–≤—ã–∫ –∂–µ–≤–∞–Ω–∏—è –Ω–µ–æ–±—Ö–æ–¥–∏–º–æ —Ä–∞–∑–≤–∏–≤–∞—Ç—å  –∏ –ø–æ–º–æ—á—å –º–æ–∂–µ—Ç –≤ —ç—Ç–æ–º   –ù–ò–ë–õ–ï–† - –∞–∫—Å–µ—Å—Å—É–∞—Ä –¥–ª—è –ø—Ä–∏–∫–æ—Ä–º–∞ –º–∞–ª—ã—à–µ–π –ø–µ—Ä–≤–æ–≥–æ –≥–æ–¥–∞ –∂–∏–∑–Ω–∏ üë∂  –°–æ—Å—Ç–æ–∏—Ç –∏–∑ —Å–∏–ª–∏–∫–æ–Ω–æ–≤–æ–π –Ω–∞—Å–∞–¥–∫–∏ —Å –æ—Ç–≤–µ—Ä—Å—Ç–∏—è–º–∏ –∏ —Ä—É—á–∫–∏.    –í–Ω—É—Ç—Ä—å  –º–æ–∂–Ω–æ –∫–ª–∞—Å—Ç—å –∫—É—Å–æ—á–∫–∏ —Ñ—Ä—É–∫—Ç–æ–≤, –æ–≤–æ—â–µ–π, —Ö–ª–µ–± –∏ –¥–∞–≤–∞—Ç—å —Ä–µ–±–µ–Ω–∫—É –±–µ–∑ –æ–ø–∞—Å–µ–Ω–∏—èüçé  –î–ª—è –¥–µ—Ç–µ–π –Ω–∞ –∏—Å–∫—É—Å—Å—Ç–≤–µ–Ω–Ω–æ–º –≤—Å–∫–∞—Ä–º–ª–∏–≤–∞–Ω–∏–∏ –ø—Ä–∏–∫–æ—Ä–º –º–æ–∂–Ω–æ –Ω–∞—á–∏–Ω–∞—Ç—å —Å 4 –º–µ—Å.   –ù–∞ –≥—Ä—É–¥–Ω–æ–º –≤—Å–∫–∞—Ä–º–ª–∏–≤–∞–Ω–∏–∏ —Å 6 –º–µ—Å.  –î–∞–Ω–Ω—ã–π –∞–∫—Å–µ—Å—Å—É–∞—Ä —Ç—Ä–µ–Ω–∏—Ä—É–µ—Ç –∂–µ–≤–∞—Ç–µ–ª—å–Ω—É—é —Ñ—É–Ω–∫—Ü–∏—é —É –º–∞–ª—ã—à–∞ —Å —Å–∞–º–æ–≥–æ —Ä–∞–Ω–Ω–µ–≥–æ –≤–æ–∑—Ä–∞—Å—Ç–∞, —á—Ç–æ —Å–ø–æ—Å–æ–±—Å—Ç–≤—É–µ—Ç —Ä–æ—Å—Ç—É —á–µ–ª—é—Å—Ç–µ–π –∏ —Å–Ω–∏–∂–∞–µ—Ç —Ä–∏—Å–∫ –Ω–∞—Ä—É—à–µ–Ω–∏–π –ø—Ä–∏–∫—É—Å–∞, –∞ –≤ –ø–µ—Ä–∏–æ–¥ –ø—Ä–æ—Ä–µ–∑—ã–≤–∞–Ω–∏—è –∑—É–±–æ–≤ –æ–±–ª–µ–≥—á–∞–µ—Ç –∑—É–¥‚ò∫Ô∏è  –ë–æ–ª–µ–µ –ø–æ–¥—Ä–æ–±–Ω–∞—è —Å—Ç–∞—Ç—å—è   üëáüëáüëáüëáüëáüëáüëáüëáüëáüëáüëáüëáüëá  https://www.akusherstvo.ru/guide/chto-takoe-nibler-i-kak-im-polzovatsya/  –õ—É—á—à–µ–µ –ª–µ—á–µ–Ω–∏–µ -—ç—Ç–æ —Å–≤–æ–µ–≤—Ä–µ–º–µ–Ω–Ω–∞—è –ø—Ä–æ—Ñ–∏–ª–∞–∫—Ç–∏–∫–∞ ‚ùóÔ∏è  #–æ—Ä—Ç–æ–¥–æ–Ω—Ç—á–µ–ª—è–±–∏–Ω—Å–∫ #–∏—Å–ø—Ä–∞–≤–ª–µ–Ω–∏–µ–ø—Ä–∏–∫—É—Å–∞—á–µ–ª—è–±–∏–Ω—Å–∫ #–±—Ä–µ–∫–µ—Ç—ã—á–µ–ª—è–±–∏–Ω—Å–∫ #—ç–ª–∞–π–Ω–µ—Ä—ã–¥–ª—è–∏—Å–ø—Ä–∞–≤–ª–µ–Ω–∏—è–ø—Ä–∏–∫—É—Å–∞  #—ç–ª–∞–π–Ω–µ—Ä—ã—á–µ–ª—è–±–∏–Ω—Å–∫  #–ù–∞—à–∏—Ä–±–∞–Ω–æ–≤–∞–ö—Ä–∏—Å—Ç–∏–Ω–∞–ê–Ω–¥—Ä–µ–µ–≤–Ω–∞  #–æ—Ä—Ç–æ–±—å—é—Ç–∏–≤–∞–∂–Ω–æ #–ª–µ—á–µ–Ω–∏–µ–¥–µ—Ç–µ–π–ß–µ–ª—è–±–∏–Ω—Å–∫ #–¥–µ—Ç—Å–∫–∏–π–æ—Ä—Ç–æ–¥–æ–Ω—Ç–ß–µ–ª—è–±–∏–Ω—Å–∫;10;1;0;84;;–ö—Ä–∏—Å—Ç–∏–Ω–∞ –ù–∞—à–∏—Ä–±–∞–Ω–æ–≤–∞;474
https://vk.com/wall826459255_134;https://vk.com/id826459255?w=wall826459255_134;https://vk.com/id826459255;https://vk.com/id826459255;2024-06-05 14:22;–ù–∞–±–æ—Ä üê∞ –ó–∞–π–∫–∞ —Å –º–æ—Ä–∫–æ–≤–∫–æ–π ‚ù§Ô∏è‚ù§Ô∏è‚ù§Ô∏è  –¶–µ–Ω–∞ 1300‚ÇΩ üê∞–≤—è–∑–∞–Ω–∞—è –ø–æ–≥—Ä–µ–º—É—à–∫–∞(+–≤ –º–æ—Ä–∫–æ–≤–∫–µ –±—É—Å–∏–Ω—ã) üê∞–≥—Ä—ã–∑—É–Ω–æ–∫ —Å –ø—Ä–æ—Ä–µ–∑—ã–≤–∞—Ç–µ–ª–µ–º (–º–æ–∂–∂–µ–≤–µ–ª. –∏ —Å–∏–ª–∏–∫–æ–Ω) –ë–µ—Å–ø–ª–∞—Ç–Ω–∞—è —É–ø–∞–∫–æ–≤–∫–∞ (–∫–æ—Ä–æ–±–æ—á–∫–∞ —Å –ª–µ–Ω—Ç–æ–π, –ø–∞–∫–µ—Ç) üéÅ –¥–æ—Å—Ç–∞–≤–∫–∞ –ø–æ –≥.–¢–æ–ª—å—è—Ç—Ç–∏ –±–µ—Å–ø–ª–∞—Ç–Ω–æ‚ù§Ô∏è‚ù§Ô∏è‚ù§Ô∏è;10;0;0;73;;Simon Baby;3227
https://vk.com/wall-172375384_1063;https://vk.com/club172375384?w=wall-172375384_1063;https://vk.com/club172375384;https://vk.com/club172375384;2024-06-05 15:15;–ù–æ–≤–æ–µ –ø–æ—Å—Ç—É–ø–ª–µ–Ω–∏–µ 0-6 –º–µ—Å –∏ 6-12 –º–µ—Å.  –°–¥–µ–ª–∞–Ω—ã –∏–∑ –ª–∞—Ç–µ–∫—Å–∞ ‚Äî –ø—Ä–∏—Ä–æ–¥–Ω–æ–≥–æ –∏ –æ—á–µ–Ω—å –º—è–≥–∫–æ–≥–æ –º–∞—Ç–µ—Ä–∏–∞–ª–∞, –±–µ–∑–æ–ø–∞—Å–Ω—ã, –Ω–µ –≤—ã–∑—ã–≤–∞—é—Ç –∞–ª–ª–µ—Ä–≥–∏—á–µ—Å–∫–∏—Ö —Ä–µ–∞–∫—Ü–∏–π, —É—Å–ø–æ–∫–∞–∏–≤–∞—é—Ç –º–∞–ª—ã—à–∞ –∏ –æ—Å–ª–∞–±–ª—è—é—Ç –Ω–µ–ø—Ä–∏—è—Ç–Ω—ã–µ –æ—â—É—â–µ–Ω–∏—è –ø—Ä–∏ –ø—Ä–æ—Ä–µ–∑—ã–≤–∞–Ω–∏–∏ –∑—É–±–æ–≤, –∞ –¥—ã—Ä–æ—á–∫–∏ –≤ –Ω–∞–≥—É–±–Ω–∏–∫–µ –æ—Ç–≤–æ–¥—è—Ç —Å–ª—é–Ω–∏ –∏ –æ–±–µ—Å–ø–µ—á–∏–≤–∞—é—Ç –≤–µ–Ω—Ç–∏–ª—è—Ü–∏—é.  –ü—É—Å—Ç—ã—à–∫–∏, –≤—ã–ø–æ–ª–Ω–µ–Ω–Ω—ã–µ –≤ —Ñ–æ—Ä–º–µ ‚Äú–≤–∏—à–Ω—è‚Äù, –º–∞–∫—Å–∏–º–∞–ª—å–Ω–æ –ø—Ä–∏–±–ª–∏–∂–µ–Ω—ã –∫ –∂–µ–Ω—Å–∫–æ–π –∞–Ω–∞—Ç–æ–º–∏–∏, —á—Ç–æ –ø–æ–∑–≤–æ–ª—è–µ—Ç –º–∞–ª—ã—à—É –±—ã—Å—Ç—Ä–æ –∏—Ö –æ—Å–≤–æ–∏—Ç—å  –Ω–∞–≥—É–±–Ω–∏–∫–∏ –¥–æ–ø–æ–ª–Ω–µ–Ω—ã –≤–µ–Ω—Ç–∏–ª—è—Ü–∏–æ–Ω–Ω—ã–º–∏ –æ—Ç–≤–µ—Ä—Å—Ç–∏—è–º–∏  –≤ –∫–æ–º–ø–ª–µ–∫—Ç–∞—Ü–∏–∏ —É–¥–æ–±–Ω—ã–π –≥–µ—Ä–º–µ—Ç–∏—á–Ω—ã–π —Ñ—É—Ç–ª—è—Ä  –º–∞—Ç–µ—Ä–∏–∞–ª –Ω–µ —Å–æ–¥–µ—Ä–∂–∏—Ç BPA (–±–∏—Å—Ñ–µ–Ω–æ–ª –ê)  —Å–ø–æ–∫–æ–π–Ω—ã–µ —Ä–∞—Å—Ü–≤–µ—Ç–∫–∏ –Ω–µ –±—É–¥—É—Ç –ø–µ—Ä–µ–≥—Ä—É–∂–∞—Ç—å –Ω–µ–∂–Ω—É—é –ø—Å–∏—Ö–∏–∫—É –º–∞–ª—ã—à–∞.;0;0;0;69;;Baby&Mama –≥.–ñ–µ–ª–µ–∑–Ω–æ–≥–æ—Ä—Å–∫;819
https://vk.com/wall-118533171_13174;https://vk.com/club118533171?w=wall-118533171_13174;https://vk.com/club118533171;https://vk.com/club118533171;2024-06-05 16:12;üî•üî•üî• –ü–û–°–¢–£–ü–õ–ï–ù–ò–ï üî•üî•üî•        üìåüìåüìå–¶–ï–ù–ê 300 —Ä—É–±–ª–µ–π. –ü–æ–≥—Ä–µ–º—É—à–∫–∏ —Å –ø—Ä–æ—Ä–µ–∑—ã–≤–∞—Ç–µ–ª—è–º–∏ (7 —à—Ç—É–∫ –≤ —É–ø–∞–∫–æ–≤–∫–µ), –≤ –ø–∞–∫–µ—Ç–µ¬†;1;0;0;63;;–î–ï–¢–°–ö–ò–ï –¢–û–í–ê–†–´ –û–ü–¢ –ò –†–û–ó–ù–ò–¶–ê;65316
https://vk.com/wall-118533171_13171;https://vk.com/club118533171?w=wall-118533171_13171;https://vk.com/club118533171;https://vk.com/club118533171;2024-06-05 16:04;üî•üî•üî• –ü–û–°–¢–£–ü–õ–ï–ù–ò–ï üî•üî•üî•        üìåüìåüìå–¶–ï–ù–ê  250 —Ä—É–±–ª–µ–π. –ü–æ–≥—Ä–µ–º—É—à–∫–∞ —Å —ç–ª–µ–º–µ–Ω—Ç–∞–º–∏ –ø—Ä–æ—Ä–µ–∑—ã–≤–∞—Ç–µ–ª—èL;1;1;0;58;;–î–ï–¢–°–ö–ò–ï –¢–û–í–ê–†–´ –û–ü–¢ –ò –†–û–ó–ù–ò–¶–ê;65316
https://vk.com/wall740613545_2844;https://vk.com/id740613545?w=wall740613545_2844;https://vk.com/id740613545;https://vk.com/id740613545;2024-06-05 15:30;–í –ø–µ—Ä–µ—Ö–æ–¥–Ω—ã–π –≤–æ–∑—Ä–∞—Å—Ç, –≤ –ø–µ—Ä–∏–æ–¥ —Å–∏–ª—å–Ω–µ–π—à–∏—Ö —Ñ–∏–∑–∏–æ–ª–æ–≥–∏—á–µ—Å–∫–∏—Ö –∏ –ø—Å–∏—Ö–æ–ª–æ–≥–∏—á–µ—Å–∫–∏—Ö –∏–∑–º–µ–Ω–µ–Ω–∏–π, –æ—Ä–≥–∞–Ω–∏–∑–º –æ—Å–æ–±–µ–Ω–Ω–æ –Ω—É–∂–¥–∞–µ—Ç—Å—è –≤ –≤–∏—Ç–∞–º–∏–Ω–∞—Ö –∏ –º–∏–Ω–µ—Ä–∞–ª–∞—Ö. –ë–æ–ª—å—à–∞—è —á–∞—Å—Ç—å –Ω—É—Ç—Ä–∏–µ–Ω—Ç–æ–≤ –ø–æ—Å—Ç—É–ø–∞–µ—Ç —Å –ø–∏—â–µ–π. –ù–æ –¥–∞–ª–µ–∫–æ –Ω–µ –∫–∞–∂–¥—ã–π –ø–æ–¥—Ä–æ—Å—Ç–æ–∫ —Å–æ–±–ª—é–¥–∞–µ—Ç —Å–±–∞–ª–∞–Ω—Å–∏—Ä–æ–≤–∞–Ω–Ω—ã–π —Ä–∞—Ü–∏–æ–Ω –ø–∏—Ç–∞–Ω–∏—è. –ü–æ—ç—Ç–æ–º—É –∏–º –¥–æ–≤–æ–ª—å–Ω–æ —á–∞—Å—Ç–æ —Ç—Ä–µ–±—É–µ—Ç—Å—è –≤–æ—Å–ø–æ–ª–Ω—è—Ç—å –Ω–µ—Ö–≤–∞—Ç–∫—É –ø–∏—Ç–∞—Ç–µ–ª—å–Ω—ã—Ö –≤–µ—â–µ—Å—Ç–≤.  –°–±–∞–ª–∞–Ω—Å–∏—Ä–æ–≤–∞–Ω–Ω–∞—è –≤–∏—Ç–∞–º–∏–Ω–Ω–æ-–º–∏–Ω–µ—Ä–∞–ª—å–Ω–∞—è –ø–∏—â–µ–≤–∞—è –¥–æ–±–∞–≤–∫–∞ –ø–æ–∫–∞–∑–∞–Ω–∞ –¥–ª—è —É–∫—Ä–µ–ø–ª–µ–Ω–∏—è –∏–º–º—É–Ω–∏—Ç–µ—Ç–∞, –ø–æ–¥–¥–µ—Ä–∂–∞–Ω–∏—è –Ω–µ—Ä–≤–Ω–æ–π —Å–∏—Å—Ç–µ–º—ã –∏ –º–æ–∑–≥–æ–≤–æ–π –∞–∫—Ç–∏–≤–Ω–æ—Å—Ç–∏. –¢–∞–∫–∂–µ –ø—Ä–∏–µ–º —Å—Ä–µ–¥—Å—Ç–≤–∞ —Å–Ω–∏–∂–∞–µ—Ç –≥–∏–ø–µ—Ä–∞–∫—Ç–∏–≤–Ω–æ—Å—Ç—å, –Ω–µ—Ä–≤–æ–∑–Ω–æ—Å—Ç—å, –∏–º–ø—É–ª—å—Å–∏–≤–Ω–æ—Å—Ç—å, –ø–æ–º–æ–≥–∞–µ—Ç —Å–ø—Ä–∞–≤–ª—è—Ç—å—Å—è —Å –∏–Ω—Ñ–æ—Ä–º–∞—Ü–∏–æ–Ω–Ω—ã–º–∏ –ø–µ—Ä–µ–≥—Ä—É–∑–∫–∞–º–∏. –û—Ä–≥–∞–Ω–∏–∑–º –æ—Å–æ–±–µ–Ω–Ω–æ –Ω—É–∂–¥–∞–µ—Ç—Å—è –≤ –Ω–µ–º –≤ –ø–µ—Ä–∏–æ–¥ –ø–æ–ª–æ–≤–æ–≥–æ —Å–æ–∑—Ä–µ–≤–∞–Ω–∏—è, –∫–æ–≥–¥–∞ —Ä–∞–±–æ—Ç–∞–µ—Ç –±—É–∫–≤–∞–ª—å–Ω–æ –Ω–∞ –∏–∑–Ω–æ—Å, –≤–µ–¥—å –≤ –Ω–µ–º –ø—Ä–æ—Ç–µ–∫–∞—é—Ç —Å–µ—Ä—å–µ–∑–Ω—ã–µ –∏–∑–º–µ–Ω–µ–Ω–∏—è: –ø—Ä–æ–ø–æ—Ä—Ü–∏–π —Ç–µ–ª–∞, –∫–æ—Å—Ç–Ω–æ-–º—ã—à–µ—á–Ω–æ–π —Å–∏—Å—Ç–µ–º—ã, —Ä–æ—Å—Ç–∞, –≤–µ—Å–∞, –≥–æ—Ä–º–æ–Ω–∞–ª—å–Ω–æ–≥–æ —Ñ–æ–Ω–∞.  –°–±–∞–ª–∞–Ω—Å–∏—Ä–æ–≤–∞–Ω–Ω—ã–π —Å–æ—Å—Ç–∞–≤ –≤–∏—Ç–∞–º–∏–Ω–Ω–æ-–º–∏–Ω–µ—Ä–∞–ª—å–Ω–æ–≥–æ –∫–æ–º–ø–ª–µ–∫—Å–∞ –¥–ª—è –ø–æ–¥—Ä–æ—Å—Ç–∫–æ–≤: -–ø–æ–¥–¥–µ—Ä–∂–∏–≤–∞–µ—Ç –æ—Ä–≥–∞–Ω–∏–∑–º –ø–æ–¥—Ä–æ—Å—Ç–∫–∞ –≤ –ø–µ—Ä–∏–æ–¥ –∞–∫—Ç–∏–≤–Ω–æ–≥–æ —Ä–æ—Å—Ç–∞ –∏ —Ä–∞–∑–≤–∏—Ç–∏—è, -—Å–ø–æ—Å–æ–±—Å—Ç–≤—É–µ—Ç –ø–æ–ª–Ω–æ—Ü–µ–Ω–Ω–æ–º—É —Ä–æ—Å—Ç—É –∏ —Ä–∞–∑–≤–∏—Ç–∏—é —Å–∫–µ–ª–µ—Ç–∞, -–ø—Ä–µ–ø—è—Ç—Å–≤—É–µ—Ç –∏—Å–∫—Ä–∏–≤–ª–µ–Ω–∏—é –æ–ø–æ—Ä–Ω–æ-–¥–≤–∏–≥–∞—Ç–µ–ª—å–Ω–æ–≥–æ –∞–ø–ø–∞—Ä–∞—Ç–∞, -–ø–æ–≤—ã—à–∞–µ—Ç –º–∏–Ω–µ—Ä–∞–ª–∏–∑–∞—Ü–∏—é –∏ –ø–ª–æ—Ç–Ω–æ—Å—Ç—å –∫–æ—Å—Ç–Ω–æ–π —Ç–∫–∞–Ω–∏, -–æ–±–µ—Å–ø–µ—á–∏–≤–∞–µ—Ç –Ω–∞–∫–æ–ø–ª–µ–Ω–∏–µ –∫–æ—Å—Ç–Ω–æ–π –º–∞—Å—Å—ã, -—Å–Ω–∏–∂–∞–µ—Ç –≤–µ—Ä–æ—è—Ç–Ω–æ—Å—Ç—å –±—ã—Ç–æ–≤—ã—Ö –∏ —Å–ø–æ—Ä—Ç–∏–≤–Ω—ã—Ö —Ç—Ä–∞–≤–º, -—É—Å–∫–æ—Ä—è–µ—Ç –≤–æ—Å—Å—Ç–∞–Ω–æ–≤–ª–µ–Ω–∏–µ –ø–æ—Å–ª–µ —Ç—Ä–∞–≤–º –∏ –ø–µ—Ä–µ–ª–æ–º–æ–≤, -—É–∫—Ä–µ–ø–ª—è–µ—Ç –∑—É–±–Ω—É—é —ç–º–∞–ª—å, –ø—Ä–µ–ø—è—Ç—Å—Ç–≤—É–µ—Ç —Ä–∞–∑–≤–∏—Ç–∏—é –∫–∞—Ä–∏–µ—Å–∞, -—Å–ø–æ—Å–æ–±—Å—Ç–≤—É–µ—Ç —Å–≤–æ–µ–≤—Ä–µ–º–µ–Ω–Ω–æ–º—É –ø—Ä–æ—Ä–µ–∑—ã–≤–∞–Ω–∏—é –ø–æ—Å—Ç–æ—è–Ω–Ω—ã—Ö –∫–æ—Ä–µ–Ω–Ω—ã—Ö –∑—É–±–æ–≤, -—É–∫—Ä–µ–ø–ª—è–µ—Ç —Ç–∫–∞–Ω—å –¥–µ—Å–µ–Ω –∏ –ø—Ä–µ–ø—è—Ç—Å—Ç–≤—É–µ—Ç –∏—Ö –∫—Ä–æ–≤–æ—Ç–æ—á–∏–≤–æ—Å—Ç–∏, -–ø–æ–≤—ã—à–∞–µ—Ç –ø–ª–æ—Ç–Ω–æ—Å—Ç—å –∏ —É–∫—Ä–µ–ø–ª—è–µ—Ç —Å—Ç–µ–Ω–∫–∏ –∫—Ä–æ–≤–µ–Ω–æ—Å–Ω—ã—Ö —Å–æ—Å—É–¥–æ–≤, -–Ω–µ–æ–±—Ö–æ–¥–∏–º –¥–ª—è –ø–æ–ª–Ω–æ—Ü–µ–Ω–Ω–æ–≥–æ —Ä–æ—Å—Ç–∞ —Å–æ—Å—É–¥–æ–≤ –∏ —Å–µ—Ä–¥—Ü–∞, -–ø–æ–¥–¥–µ—Ä–∂–∏–≤–∞–µ—Ç —Ñ–∏–∑–∏–æ–ª–æ–≥–∏—á–Ω—ã–π –º—ã—à–µ—á–Ω—ã–π —Ç–æ–Ω—É—Å, -—É—Å—Ç—Ä–∞–Ω—è–µ—Ç –Ω–µ–ø—Ä–æ–∏–∑–≤–æ–ª—å–Ω—ã–µ —Å–æ–∫—Ä–∞—â–µ–Ω–∏—è –º—ã—à—Ü –∏ —Å—É–¥–æ—Ä–æ–≥–∏, -—Å—Ç–∏–º—É–ª–∏—Ä—É–µ—Ç –∫—Ä–æ–≤–æ–æ–±—Ä–∞—â–µ–Ω–∏–µ –≤ –≥–æ–ª–æ–≤–Ω–æ–º –º–æ–∑–≥–µ, -–ø–æ–≤—ã—à–∞–µ—Ç –º–æ–∑–≥–æ–≤—É—é –∞–∫—Ç–∏–≤–Ω–æ—Å—Ç—å –ø—Ä–∏ —É–º—Å—Ç–≤–µ–Ω–Ω—ã—Ö –Ω–∞–≥—Ä—É–∑–∫–∞—Ö, -–æ–±–ª–µ—á–∞–µ—Ç –∑–∞–ø–æ–º–∏–Ω–∞–Ω–∏–µ –∏–Ω—Ñ–æ—Ä–º–∞—Ü–∏–∏, –ø–æ–≤—ã—à–∞–µ—Ç –∫–æ–Ω—Ü–µ–Ω—Ç—Ä–∞—Ü–∏—é –≤–Ω–∏–º–∞–Ω–∏—è, -—É–∫—Ä–µ–ø–ª—è–µ—Ç –∏–º–º—É–Ω–∏—Ç–µ—Ç, –ø–æ–≤—ã—à–∞–µ—Ç –∑–∞—â–∏—Ç–Ω—ã–µ —Å–∏–ª—ã –Ω–∞ –≤—Å–µ—Ö —É—Ä–æ–≤–Ω—è—Ö, -—Å–ª—É–∂–∏—Ç –ø—Ä–æ—Ñ–∏–ª–∞–∫—Ç–∏–∫–æ–π —Å–µ–∑–æ–Ω–Ω—ã—Ö –ø—Ä–æ—Å—Ç—É–¥–Ω—ã—Ö –∑–∞–±–æ–ª–µ–≤–∞–Ω–∏–π, -—É—Å–∫–æ—Ä—è–µ—Ç –≤—ã–∑–¥–æ—Ä–æ–≤–ª–µ–Ω–∏–µ –ø–æ—Å–ª–µ –ø–µ—Ä–µ–Ω–µ—Å–µ–Ω–Ω—ã—Ö –∑–∞–±–æ–ª–µ–≤–∞–Ω–∏–π, -–Ω–æ—Ä–º–∞–ª–∏–∑—É–µ—Ç –ø—Ä–æ—Ü–µ—Å—Å—ã –ø–∏—â–µ–≤–∞—Ä–µ–Ω–∏—è –∏ –æ—Ç—Ç–æ–∫ –∂–µ–ª—á–∏, -–æ–±–µ—Å–ø–µ—á–∏–≤–µ—Ç –ø–æ–ª–Ω–æ—Ü–µ–Ω–Ω–æ–µ —Ä–∞–∑–≤–∏—Ç–∏–µ –Ω–µ—Ä–≤–Ω–æ–π —Å–∏—Å—Ç–µ–º—ã, -–æ–∫–∞–∑—ã–≤–∞–µ—Ç —É—Å–ø–æ–∫–∞–∏–≤–∞—é—â–µ–µ –¥–µ–π—Å—Ç–≤–∏–µ, –Ω–æ—Ä–º–∞–ª–∏–∑—É–µ—Ç —Å–æ–Ω, -–ø–æ–º–æ–≥–∞–µ—Ç —Å–ø—Ä–∞–≤–∏—Ç—å—Å—è —Å —Ä–∞–∑–¥—Ä–∞–∂–∏—Ç–µ–ª—å–Ω–æ—Å—Ç—å—é –∏ –≤—Å–ø—ã–ª—å—á–∏–≤–æ—Å—Ç—å—é, -—Å–Ω–∏–º–∞–µ—Ç –ø—Å–∏—Ö–æ—ç–º–æ—Ü–∏–æ–Ω–∞–ª—å–Ω–æ–µ –Ω–∞–ø—Ä—è–∂–µ–Ω–∏–µ –∏ –ø–µ—Ä–µ–≥—Ä—É–∑–∫–∏, -–ø–æ–¥–¥–µ—Ä–∂–∏–≤–∞–µ—Ç –∏ —Å–æ—Ö—Ä–∞–Ω—è–µ—Ç –æ—Å—Ç—Ä–æ—Ç—É –∑—Ä–µ–Ω–∏—è, —É–º–µ–Ω—å—à–∞–µ—Ç —Å—É—Ö–æ—Å—Ç—å —Å–ª–∏–∑–∏—Å—Ç–æ–π, -—É–ª—É—á—à–∞–µ—Ç —Å–æ—Å—Ç–æ—è–Ω–∏–µ –∏ –ø–∏—Ç–∞–Ω–∏–µ —Å–µ—Ç—á–∞—Ç–∫–∏ –≥–ª–∞–∑, -–Ω–µ–π—Ç—Ä–∞–ª–∏–∑—É–µ—Ç –Ω–µ–≥–∞—Ç–∏–≤–Ω–æ–µ –≤–ª–∏—è–µ–Ω–∏–µ –∏–∑–ª—É—á–µ–Ω–∏–π –æ—Ç –≥–∞–¥–∂–µ—Ç–æ–≤, -—Å–ø–æ—Å–æ–±—Å—Ç–≤—É–µ—Ç —É—Å–≤–æ–µ–Ω–∏—é –∂–µ–ª–µ–∑–∞ –∏–∑ –ø–∏—â–µ–≤—ã—Ö –ø—Ä–æ–¥—É–∫—Ç–æ–≤, -–Ω–∞–ø–æ–ª–Ω—è–µ—Ç —ç–Ω–µ—Ä–≥–∏–µ–π –∏ –ø–æ–≤—ã—à–∞–µ—Ç –≤—ã–Ω–æ—Å–ª–∏–≤–æ—Å—Ç—å, -–æ–±–ª–µ–≥—á–∞–µ—Ç –ø—Ä–æ—Ü–µ—Å—Å –≥–æ—Ä–º–æ–Ω–∞–ª—å–Ω–æ–π –ø–µ—Ä–µ—Å—Ç—Ä–æ–π–∫–∏ –æ—Ä–∞–≥–Ω–∏–∑–º–∞, -–Ω–æ—Ä–º–∞–ª—å–∑—É–µ—Ç —Ä–∞–±–æ—Ç—ã —Å–∞–ª—å–Ω—ã—Ö –∂–µ–ª–µ–∑, —É–º–µ–Ω—å—à–∞–µ—Ç –∂–∏—Ä–Ω–æ—Å—Ç—å –∫–æ–∂–∏, -–ø—Ä–µ–ø—è—Ç—Å—Ç–≤—É–µ—Ç –ø–æ—è–≤–ª–µ–Ω–∏—é —Ä–∞—Å—Ç—è–∂–µ–∫ –Ω–∞ –∫–æ–∂–µ –ø—Ä–∏ –∏–Ω—Ç–µ–Ω—Å–∏–≤–Ω–æ–º —Ä–æ—Å—Ç–µ, -–ø–æ–¥–¥–µ—Ä–∂–∏–≤–∞–µ—Ç –∑–¥–æ—Ä–æ–≤—å–µ –≤–æ–ª–æ—Å –∏ –Ω–æ–≥—Ç–µ–π.;3;0;0;51;;–ï–∫–∞—Ç–µ—Ä–∏–Ω–∞ –°–µ–º–µ–Ω–æ–≤–Ω–∞;2959
https://vk.com/wall-118533171_13173;https://vk.com/club118533171?w=wall-118533171_13173;https://vk.com/club118533171;https://vk.com/club118533171;2024-06-05 16:09;üî•üî•üî• –ü–û–°–¢–£–ü–õ–ï–ù–ò–ï üî•üî•üî•           üìåüìåüìå–¶–ï–ù–ê  250 —Ä—É–±–ª–µ–π. –ü–æ–≥—Ä–µ–º—É—à–∫–∏ —Å –ø—Ä–æ—Ä–µ–∑—ã–≤–∞—Ç–µ–ª—è–º–∏ (4 —à—Ç—É–∫–∏ –≤ —É–ø–∞–∫–æ–≤–∫–µ), –≤ –ø–∞–∫–µ—Ç–µ;1;0;0;49;;–î–ï–¢–°–ö–ò–ï –¢–û–í–ê–†–´ –û–ü–¢ –ò –†–û–ó–ù–ò–¶–ê;65316
https://vk.com/wall679401239_258;https://vk.com/id679401239?w=wall679401239_258;https://vk.com/id679401239;https://vk.com/id679401239;2024-06-05 12:55;–ì—Ä—ã–∑—É–Ω–æ—á–∫–∏ –∏ –¥–µ—Ä–∂–∞—Ç–µ–ª–∏ –∏–∑ –±–µ–∑–æ–ø–∞—Å–Ω–æ–≥–æ 100% –ø–∏—â–µ–≤–æ–≥–æ —Å–∏–ª–∏–∫–æ–Ω–∞!üëå ‚ú®–í—Å–µ –±—É—Å–∏–Ω—ã –º–æ–∂–Ω–æ –≥—Ä—ã–∑—Ç—å, –Ω–æ –Ω–µ–≤–æ–∑–º–æ–∂–Ω–æ —Ä–∞–∑–≥—Ä—ã–∑—Ç—å, –æ–Ω–∏ –º—è–≥–∫–æ –º–∞—Å—Å–∏—Ä—É—é—Ç –¥–µ—Å–Ω–∞ –º–∞–ª—ã—à–∞, –æ–±–ª–µ–≥—á–∞—è –ø—Ä–æ—Ü–µ—Å—Å –ø—Ä–æ—Ä–µ–∑—ã–≤–∞–Ω–∏—è –∑—É–±–æ–≤.üë¶ ‚ú®–†–∞–∑–Ω–æ–æ–±—Ä–∞–∑–∏–µ —Ñ–æ—Ä–º, —Ç–µ–∫—Å—Ç—É—Ä –∏ —Ü–≤–µ—Ç–æ–≤ üåà—Å–ø–æ—Å–æ–±—Å—Ç–≤—É–µ—Ç —Ä–∞–∑–≤–∏—Ç–∏—é –º–µ–ª–∫–æ–π –º–æ—Ç–æ—Ä–∏–∫–∏ –∏ —Ü–≤–µ—Ç–æ–≤–æ–≥–æ –≤–æ—Å–ø—Ä–∏—è—Ç–∏—è –º–∞–ª—ã—à–∞. ‚ú® –¢–∞–∫–æ–π –∏–Ω—Ç–µ—Ä–µ—Å–Ω—ã–π –≥–∞–¥–∂–µ—Ç –æ–¥–Ω–æ–∑–Ω–∞—á–Ω–æ —É–≤–ª–µ—á–µ—Ç –º–∞–ª—ã—à–∞üë¶ü§ó‚ô• –∏ –ø–æ–¥–∞—Ä–∏—Ç –º–∞–º–µ –º–∏–Ω—É—Ç–∫–∏ —Ç–∏—à–∏–Ω—ã.üòâ ‚ú® –ì—Ä—ã–∑—É–Ω–æ–∫ –º–æ–∂–Ω–æ –º—ã—Ç—å, –∫–∏–ø—è—Ç–∏—Ç—å, –º–æ—Ä–æ–∑–∏—Ç—å. ‚ú®–ì—Ä—ã–∑—É–Ω–æ–∫ - –ø—Ä–æ—Ä–µ–∑—ã–≤–∞–µ—Ç–µ–ª—å –º–æ–∂–Ω–æ —Å –ª—ë–≥–∫–æ—Å—Ç—å—é –∑–∞–º–µ–Ω–∏—Ç—å –Ω–∞ —Å–æ—Å–∫—É !üë∂üéÅüêï‚ù§üåà;1;0;0;49;;–ò–º–µ–Ω–Ω—ã–µ-–°–∏–ª–∏–∫–æ–Ω–æ–≤—ã–µ-–ì—Ä—ã–∑—É–Ω–∫–∏ –ö—Ä–∞—Å–Ω–æ—É—Ñ–∏–º—Å–∫;2028
https://vk.com/wall-181603338_1197;https://vk.com/club181603338?w=wall-181603338_1197;https://vk.com/club181603338;https://vk.com/club181603338;2024-06-05 15:10;‚òùÔ∏èü§ì–ì—Ä—ã–∑—É–Ω–∫–∏ –∏–∑ –ø–∏—â–µ–≤–æ–≥–æ —Å–∏–ª–∏–∫–æ–Ω–∞ –ø–æ-–ø—Ä–∞–≤—É —Å—á–∏—Ç–∞—é—Ç—Å—è —Å–∞–º—ã–º–∏ –ø–æ–ø—É–ª—è—Ä–Ω—ã–º–∏ —Å—Ä–µ–¥–∏ —Ä–æ–¥–∏—Ç–µ–ª–µ–π ‚ù§Ô∏è –≤–æ-–ø–µ—Ä–≤—ã—Ö, –∏–∑ —Å–∏–ª–∏–∫–æ–Ω–∞ –º–æ–∂–Ω–æ –ø—Ä–æ–∏–∑–≤–æ–¥–∏—Ç—å –ø—Ä–æ—Ä–µ–∑—ã–≤–∞—Ç–µ–ª–∏ —Å–∞–º—ã—Ö —Ä–∞–∑–Ω–æ–æ–±—Ä–∞–∑–Ω—ã—Ö —Ñ–æ—Ä–º, —Å—Ç—Ä—É–∫—Ç—É—Ä –∏ —Ü–≤–µ—Ç–æ–≤ ‚ù§Ô∏è‚ù§Ô∏è–≤–æ-–≤—Ç–æ—Ä—ã—Ö —ç—Ç–æ —É–ø—Ä—É–≥–∏–π –∏ –∏–∑–Ω–æ—Å–æ—Å—Ç–æ–π–∫–∏–π –º–∞—Ç–µ—Ä–∏–∞–ª, –∫–æ—Ç–æ—Ä—ã–π –¥–æ—Å—Ç–∞—Ç–æ—á–Ω–æ —Å–ª–æ–∂–Ω–æ –¥–µ—Ñ–æ—Ä–º–∏—Ä–æ–≤–∞—Ç—å –∏–ª–∏ –æ—Ç–∫—É—Å–∏—Ç—å. ü•∞–í –¢–ú –ñ–∏—Ä–∞—Ñ–∏–∫–∏ —Å–∞–º—ã–µ –∫–∞—á–µ—Å—Ç–≤–µ–Ω–Ω—ã–µ, —É–¥–æ–±–Ω—ã–µ, —è—Ä–∫–∏–µ –≥—Ä—ã–∑—É–Ω–∫–∏-–ø—Ä–æ—Ä–µ–∑–æ–≤–∞—Ç–µ–ª–∏üíûüòâ;3;0;0;42;;"–î–µ—Ç—Å–∫–∏–π –º–∞–≥–∞–∑–∏–Ω  ""–°–æ–≤–µ–Ω–æ–∫""";1010
https://vk.com/wall-118533171_13179;https://vk.com/club118533171?w=wall-118533171_13179;https://vk.com/club118533171;https://vk.com/club118533171;2024-06-05 16:49;"üî•üî•üî• –ü–û–°–¢–£–ü–õ–ï–ù–ò–ï üî•üî•üî•        üìåüìåüìå–¶–ï–ù–ê 100 —Ä—É–±–ª–µ–π. –ü—Ä–æ—Ä–µ–∑—ã–≤–∞—Ç–µ–ª—å ""–ë–∞–Ω—Ç–∏–∫"", 13*2*15 —Å–º";1;0;0;40;;–î–ï–¢–°–ö–ò–ï –¢–û–í–ê–†–´ –û–ü–¢ –ò –†–û–ó–ù–ò–¶–ê;65316
https://vk.com/wall-216279721_103;https://vk.com/club216279721?w=wall-216279721_103;https://vk.com/club216279721;https://vk.com/club216279721;2024-06-05 10:15;–ü—Ä–æ–≤–∞–ª –∫–æ–Ω–µ—á–Ω–æ....   –ù–æ —Ç–∞–∫ –±—ã–≤–∞–µ—Ç ü§∑‚Äç‚ôÄÔ∏èü§∑‚Äç‚ôÄÔ∏è  –ú—ã –Ω–µ —Å–º–æ–≥–ª–∏ –¥–æ–Ω–µ—Å—Ç–∏ —Ü–µ–Ω–Ω–æ—Å—Ç—å –Ω–∞—à–µ–≥–æ –∏–∑–¥–µ–ª–∏—è, –¥—Ä—É–≥–∏–µ –∑–∞–¥–∞—á–∏ –±—ã–ª–∏ –Ω–∞ —Ç–æ—Ç –º–æ–º–µ–Ω—Ç, –∫–æ–≥–¥–∞ –∑–∞–ø—É—Å–∫–∞–ª–∏ —ç—Ç–æ –Ω–æ–≤–æ–µ –∏–∑–¥–µ–ª–∏–µ , –∏ —É–ø—É—Å—Ç–∏–ª–∏ —ç—Ç–æ—Ç –º–æ–º–µ–Ω—Çüòîüòîüòî, –∞ –∞–ª–≥–æ—Ä–∏—Ç–º—ã –º–∞—Ä–∫–µ—Ç–ø–ª–µ–π—Å–æ–≤ —Ç–∞–∫–æ–≤—ã, —á—Ç–æ –µ—Å–ª–∏ –º–∞–ª–æ –ø—Ä–æ–¥–∞–∂, —Ç–æ —ç—Ç–∞ –∫–∞—Ä—Ç–æ—á–∫–∞ —Ç–æ–≤–∞—Ä–∞ —Ç—è–Ω–µ—Ç –≤–Ω–∏–∑ –≤–µ—Å—å –Ω–∞—à –∞—Å—Å–æ—Ä—Ç–∏–º–µ–Ω—Ç üò≠  –ü–û–≠–¢–û–ú–£!!! –£ –Ω–∞—Å —Ä–∞—Å–ø—Ä–æ–¥–∞–∂–∞ –Ω–∞–±–æ—Ä–æ–≤ –¥–ª—è –Ω–æ–≤–æ—Ä–æ–∂–¥–µ–Ω–Ω—ã—Ö!   –ë—É–¥–µ–º –ª–∏ –º—ã —Å–Ω–æ–≤–∞ –æ—Ç—à–∏–≤–∞—Ç—å –∏—Ö –∏ –∑–∞–≤–æ–¥–∏—Ç—å –Ω–æ–≤—É—é –∫–∞—Ä—Ç–æ—á–∫—É —Å —ç—Ç–∏–º —Ç–æ–≤–∞—Ä–æ–º, –º—ã –ø–æ–∫–∞ –Ω–µ –∑–Ω–∞–µ–º ü§î  –ù–∞–±–æ—Ä—ã –∫–ª–∞—Å—Å–Ω—ã–µ, —Å–æ—Å—Ç–æ—è—Ç –∏–∑ —à—É—Ä—à–∞—â–µ–≥–æ –≤–µ–ª—é—Ä–æ–≤–æ–≥–æ, —Å —Ä–∞–∑–Ω–æ—Ü–≤–µ—Ç–Ω–æ–π —Ä–µ–ø—Å–æ–≤–æ–π –ª–µ–Ω—Ç–æ–π –ø–ª–∞—Ç–æ—á–∫–∞ –∏ –≥—Ä—ã–∑—É–Ω–æ–∫ –¥–µ—Ä–µ–≤—è–Ω–Ω—ã–π —Å —à—É—Ä—à–∞—â–∏–º–∏ —É—à–∫–∞–º–∏!   –°–æ–≤—Å–µ–º –º–∞–ª—ã—à–∞–º üë∂ –æ–Ω–∏ –æ—á–µ–Ω—å –Ω—Ä–∞–≤—è—Ç—Å—è , —à—É—Ä—à–∞–ª–∫–∞ –≤–µ–ª—é—Ä–æ–≤–∞—è –ø—Ä–∏—è—Ç–Ω–∞—è –Ω–∞ –æ—â—É–ø—å –∏ –æ—á–µ–Ω—å —É–≤–ª–µ–∫–∞–µ—Ç, —É—Å–ø–æ–∫–∞–∏–≤–∞–µ—Ç , –≥—Ä—ã–∑—É–Ω–æ–∫ –¥–µ—Ä–µ–≤—è–Ω–Ω—ã–π —Å —à—É—Ä—à–∞—â–∏–º–∏ —É—à–∫–∞–º–∏ –º–µ–≥–∞ –ø–æ–ª–µ–∑–Ω—ã–π, —É—à–∫–∏ –º–æ–∂–Ω–æ —Å–Ω–∏–º–∞—Ç—å, —Å—Ç–∏—Ä–∞—Ç—å) –¶–µ–Ω–∞ –æ–æ—á–µ–Ω—å –ø—Ä–∏–≤–ª–µ–∫–∞—Ç–µ–ª—å–Ω–∞—è —Å–µ–π—á–∞—Å)   –°—Å—ã–ª–∫–∞ üëáüëáüëá  https://wildberries.ru/catalog/176260127/detail.aspx;2;0;0;33;;–†–∞–∑–≤–∏–≤–∞—é—â–∏–µ –∫–Ω–∏–∂–∫–∏ –∏ –∫—É–±–∏–∫–∏ MeriDe;91
https://vk.com/wall-51170068_405127;https://vk.com/club51170068?w=wall-51170068_405127;https://vk.com/club51170068;https://vk.com/club51170068;2024-06-05 17:48;"–î–µ—Ç—Å–∫–∞—è –∞–ø—Ç–µ—á–∫–∞  1. ""–¶–µ—Ñ–∏–∫–æ–Ω –î"" –∏–ª–∏ –ª—é–±—ã–µ —Å–≤–µ—á–∏, —Å–æ–¥–µ—Ä–∂–∞—â–∏–µ –ø–∞—Ä–∞—Ü–µ—Ç–∞–º–æ–ª, - –æ—Ç —Ç–µ–º–ø–µ—Ä–∞—Ç—É—Ä—ã –∏ –±–æ–ª–∏.  2. –î–µ—Ç—Å–∫–∏–π ""–ù—É—Ä–æ—Ñ–µ–Ω"".  3. –°–≤–µ—á–∏ ""–í–∏—Ñ–µ—Ä–æ–Ω"" - –ø–æ–≤—ã—à–∞—é—Ç –∏–º–º—É–Ω–∏—Ç–µ—Ç, –Ω–∞–∑–Ω–∞—á–∞—é—Ç—Å—è –ø—Ä–∏ –ø—Ä–æ—Å—Ç—É–¥–∞—Ö, –∏–Ω—Ñ–µ–∫—Ü–∏—è—Ö.  4. –°–≤–µ—á–∏ ""–í–∏–±—É—Ä–∫–æ–ª"" - –≥–æ–º–µ–æ–ø–∞—Ç–∏—á–µ—Å–∫–æ–µ —Å—Ä–µ–¥—Å—Ç–≤–æ –æ—Ç –≤—ã—Å–æ–∫–æ–π —Ç–µ–º–ø–µ—Ä–∞—Ç—É—Ä—ã, –Ω–∞–∑–Ω–∞—á–∞—é—Ç—Å—è, –∫–æ–≥–¥–∞ —Ä–µ–∂—É—Ç—Å—è –∑—É–±–∫–∏.  5. –§—É—Ä–∞—Ü–∏–ª–∏–Ω - –∞–Ω—Ç–∏–±–∞–∫—Ç–µ—Ä–∏–∞–ª—å–Ω—ã–µ —Ç–∞–±–ª–µ—Ç–∫–∏ –¥–ª—è –ø—Ä–∏–≥–æ—Ç–æ–≤–ª–µ–Ω–∏—è –ø–æ–ª–æ—Å–∫–∞–Ω–∏–π, –ø—Ä–æ–º—ã–≤–∞–Ω–∏–π.  6. –°—É—Ö–∞—è –¥–µ—Ç—Å–∫–∞—è –º–∏–∫—Å—Ç—É—Ä–∞ –æ—Ç –∫–∞—à–ª—è.  7. ""–§–∏–∑–∏–æ–º–µ—Ä"" –∏–ª–∏ ""–ê–∫–≤–∞–º–∞—Ä–∏—Å"", –∏–ª–∏ ""–ê–∫–≤–∞–ª–æ—Ä"" - —Ä–∞—Å—Ç–≤–æ—Ä—ã –º–æ—Ä—Å–∫–æ–π –≤–æ–¥—ã –¥–ª—è –ø—Ä–æ–º—ã–≤–∞–Ω–∏—è –Ω–æ—Å–∏–∫–∞.  8. –ê—Å–ø–∏—Ä–∞—Ç–æ—Ä.  9. –ù–∞–∑–∏–≤–∏–Ω –¥–ª—è –º–ª–∞–¥–µ–Ω—Ü–µ–≤ - —Å–æ—Å—É–¥–æ—Å—É–∂–∏–≤–∞—é—â–µ–µ —Å—Ä–µ–¥—Å—Ç–≤–æ –æ—Ç –Ω–∞—Å–º–æ—Ä–∫–∞.  ‚úî –î–ª—è –∫–æ–∂–∏  10. –ü–µ—Ä–µ–∫–∏—Å—å –≤–æ–¥–æ—Ä–æ–¥–∞ (–æ–±—Ä–∞–±–∞—Ç—ã–≤–∞—Ç—å –ø—É–ø–æ—á–µ–∫, —Ü–∞—Ä–∞–ø–∏–Ω—ã –∏ —Ç.–¥.).  11. –ó–µ–ª–µ–Ω–∫–∞ (–¥–ª—è –æ–±—Ä–∞–±–æ—Ç–∫–∏ –ø—É–ø–æ—á–∫–∞ –≤ –∂–∏–¥–∫–æ–º –≤–∏–¥–µ, –¥–ª—è —Ü–∞—Ä–∞–ø–∏–Ω –∏ —Ç.–¥. - –∫–∞—Ä–∞–Ω–¥–∞—à ""–õ–µ–∫–∫–µ—Ä"").  12. –•–ª–æ—Ä–æ—Ñ–∏–ª–ª–∏–ø—Ç (—Å–º–∞–∑—ã–≤–∞—Ç—å –ø—Ä—ã—â–∏–∫–∏, –≤–æ—Å–ø–∞–ª–µ–Ω–∏—è, –¥–æ–±–∞–≤–ª—è—Ç—å –≤ –≤–∞–Ω–Ω–æ—á–∫—É –ø—Ä–∏ –∫—É–ø–∞–Ω–∏–∏).  13. –ú–∞—Ä–≥–∞–Ω—Ü–æ–≤–∫–∞ - –∫—É–ø–∞—Ç—å —Ä–µ–±–µ–Ω–∫–∞ –≤ –ø–µ—Ä–≤—ã–µ –¥–Ω–∏ –ø–æ—Å–ª–µ —Ä–æ–¥–¥–æ–º–∞.  14. –ú–∞–∑—å ""–ë–µ–ø–∞–Ω—Ç–µ–Ω"" - —Å–º–∞–∑—ã–≤–∞—Ç—å —Ç—Ä–µ—â–∏–Ω—ã, —Ä–∞–∑–¥—Ä–∞–∂–µ–Ω–∏—è, —Å—É—Ö—É—é –∫–æ–∂—É.  15. –ú–∞–∑—å ""–î—Ä–æ–ø–∞–ª–µ–Ω"" - –≤ —Å–ª—É—á–∞–µ —Ä–∞–∑–¥—Ä–∞–∂–µ–Ω–∏—è, –ø–æ—Ç–Ω–∏—Ü—ã, –æ–ø—Ä–µ–ª–æ—Å—Ç–µ–π.  16. –¶–∏–Ω–∫–æ–≤–∞—è –ø–∞—Å—Ç–∞ - –∑–∞–º–µ—á–∞—Ç–µ–ª—å–Ω–æ –±–æ—Ä–µ—Ç—Å—è —Å –ø–æ—Ç–Ω–∏—á–∫–æ–π.  17. –ù–∞—Å—Ç–æ–π–∫–∞ –∫–∞–ª–µ–Ω–¥—É–ª—ã/–º–∞–∑—å –∫–∞–ª–µ–Ω–¥—É–ª—ã - —Å–º–∞–∑—ã–≤–∞—Ç—å —Ü–∞—Ä–∞–ø–∏–Ω—ã, —Ä–∞–∑–¥—Ä–∞–∂–µ–Ω–∏—è.  18. ""–§–µ–Ω–∏—Å—Ç–∏–ª"" –≥–µ–ª—å - –æ—Ç –∞–ª–ª–µ—Ä–≥–∏—á–µ—Å–∫–∏—Ö –∫–æ–∂–Ω—ã—Ö –ø—Ä–æ—è–≤–ª–µ–Ω–∏–π, —É–∫—É—Å–æ–≤ –Ω–∞—Å–µ–∫–æ–º—ã—Ö.  19. –ú–∞–∑—å ""–°–ø–∞—Å–∞—Ç–µ–ª—å"" - —É—à–∏–±—ã, –æ–∂–æ–≥–∏, —Ü–∞—Ä–∞–ø–∏–Ω—ã, —É–∫—É—Å—ã –∏ —Ç.–¥.  20. –ú–∞–∑—å ""–ê—Ä–Ω–∏–∫–∞"" - —É—à–∏–±—ã, –≥–µ–º–∞—Ç–æ–º—ã, —Å–∏–Ω—è–∫–∏.  21. –°–∞–ª—Ñ–µ—Ç–∫–∏ —Å–ø–∏—Ä—Ç–æ–≤—ã–µ.  22. –°–∞–ª—Ñ–µ—Ç–∫–∏ –∫—Ä–æ–≤–æ–æ—Å—Ç–∞–Ω–∞–≤–ª–∏–≤–∞—é—â–∏–µ.  ‚úî –î–ª—è –∂–∏–≤–æ—Ç–∏–∫–∞  23. ""–ë–µ–π–±–∏ –ö–∞–ª–º"" - –∫–∞–ø–ª–∏ –æ—Ç –∫–æ–ª–∏–∫-–≥–∞–∑–∏–∫–æ–≤ (–Ω–∞ —Ç—Ä–∞–≤–∫–∞—Ö).  24. ""–°–∞–± –°–∏–º–ø–ª–µ–∫—Å"" - –∫–∞–ø–ª–∏ –æ—Ç –∫–æ–ª–∏–∫-–≥–∞–∑–∏–∫–æ–≤ (–¥–µ–π—Å—Ç–≤—É—é—â–µ–µ –≤–µ—â–µ—Å—Ç–≤–æ - —Å–º–µ–∫—Ç–∏–Ω).  25. –ß–∞–π ""–ü–ª–∞–Ω—Ç–µ–∫—Å"" (–≤–Ω–∏–º–∞–Ω–∏–µ: –º–∞–ª–æ –∫—Ç–æ —á–∏—Ç–∞–µ—Ç –∏–Ω—Å—Ç—Ä—É–∫—Ü–∏–∏, –Ω–æ —ç—Ç–æ—Ç —á–∞–π –º–∞–ª—ã—à–∞–º —Å –ª–∞–∫—Ç–æ–∑–Ω–æ–π –Ω–µ–¥–æ—Å—Ç–∞—Ç–æ—á–Ω–æ—Å—Ç—å—é –¥–∞–≤–∞—Ç—å –Ω–µ–ª—å–∑—è!)  26. –ö–ª–∏–∑–º–æ—á–∫–∏ —Å –º—è–≥–∫–∏–º –Ω–∞–∫–æ–Ω–µ—á–Ω–∏–∫–æ–º ‚Ññ1 –∏ ‚Ññ2 (–≤—ã–ø—É—Å–∫–∞—Ç—å –≥–∞–∑—ã, –∏—Å–ø–æ–ª—å–∑–æ–≤–∞—Ç—å –≤–º–µ—Å—Ç–æ –∞—Å–ø–∏—Ä–∞—Ç–æ—Ä–∞ –∏ –Ω–µ–ø–æ—Å—Ä–µ–¥—Å—Ç–≤–µ–Ω–Ω–æ –¥–ª—è –∫–ª–∏–∑–º).  27. –ì–ª–∏—Ü–µ—Ä–∏–Ω–æ–≤—ã–µ —Å–≤–µ—á–∫–∏ - –∏—Å–ø–æ–ª—å–∑–æ–≤–∞—Ç—å –ø—Ä–∏ –∑–∞–ø–æ—Ä–µ (–¥–ª—è –º–∞–ª—ã—à–µ–π - 1/7 —á–∞—Å—Ç—å, —Ö–æ—Ä–æ—à–æ —Ä–µ–∂–µ—Ç—Å—è –Ω–∏—Ç–∫–æ–π).  28. ""–ú–∏–∫—Ä–æ–ª–∞–∫—Å"" - –º–∏–∫—Ä–æ–∫–ª–∏–∑–º–æ—á–∫–∏, –æ—á–µ–Ω—å —É–¥–æ–±–Ω—ã –≤ –∏—Å–ø–æ–ª—å–∑–æ–≤–∞–Ω–∏–∏, —Ç–∞–∫–∂–µ –ø—Ä–∏–º–µ–Ω—è—é—Ç—Å—è –ø—Ä–∏ –∑–∞–ø–æ—Ä–µ (–¥–ª—è –º–∞–ª—ã—à–µ–π –≤–≤–æ–¥–∏—Ç—Å—è –ø–æ–ª–æ–≤–∏–Ω–∫–∞ —Ç—é–±–∏–∫–∞).  29. ""–î—é—Ñ–∞–ª–∞–∫"" - –æ—Ç –∑–∞–ø–æ—Ä–æ–≤ –∂–µ, –º–æ–∂–Ω–æ –ø—Ä–∏–Ω–∏–º–∞—Ç—å —Å —Ä–æ–∂–¥–µ–Ω–∏—è.  30. ""–†–µ–≥–∏–¥—Ä–æ–Ω"" - –≤–æ—Å—Å—Ç–∞–Ω–∞–≤–ª–∏–≤–∞–µ—Ç –ø–æ—Ç—Ä–µ–±–Ω–æ—Å—Ç—å –æ—Ä–≥–∞–Ω–∏–∑–º–∞ –≤ –∂–∏–¥–∫–æ—Å—Ç–∏ –ø—Ä–∏ –ø–æ–Ω–æ—Å–µ –∏ —Ä–≤–æ—Ç–µ.  31. ""–°–º–µ–∫—Ç–∞"" - –ø—Ä–∏ –ø–æ–Ω–æ—Å–∞—Ö, —Ä–∞—Å—Å—Ç—Ä–æ–π—Å—Ç–≤–µ –∂–µ–ª—É–¥–∫–∞.  32. –ì–∞–∑–æ–æ—Ç–≤–æ–¥–Ω–∞—è —Ç—Ä—É–±–æ—á–∫–∞ - –¥–ª—è ""–ø—Ä–æ–ø—É–∫–∏–≤–∞–Ω–∏—è"" (–¥–æ—Å—Ç–∞—Ç—å —Ç—Ä—É–¥–Ω–æ).  ‚úî –î–ª—è –≥–ª–∞–∑  33. –ú–∞–∑—å —Ç–µ—Ç—Ä–∞—Ü–∏–∫–ª–∏–Ω–æ–≤–∞—è –≥–ª–∞–∑–Ω–∞—è.  34. –ö–∞–ø–ª–∏ –ª–µ–≤–æ–º–∏—Ü–µ—Ç–∏–Ω–æ–≤—ã–µ –≥–ª–∞–∑–Ω—ã–µ (—ç—Ç–∏ –¥–≤–µ –æ–ø—Ü–∏–∏ –∫–∞–∫ —Ä–∞–∑ –∏–∑ –∫–∞—Ç–µ–≥–æ—Ä–∏–∏ ""–∫–æ–ø–µ–µ—á–Ω—ã—Ö"" –ª–µ–∫–∞—Ä—Å—Ç–≤, –∫–æ—Ç–æ—Ä—ã—Ö –º–æ–∂–µ—Ç –Ω–µ –æ–∫–∞–∑–∞—Ç—å—Å—è –≤ –±–ª–∏–∂–∞–π—à–∏—Ö –∞–ø—Ç–µ–∫–∞—Ö).  ‚úî –¢—Ä–∞–≤–∫–∏  35. –†–æ–º–∞—à–∫–∞ - –ø—Ä–æ—Ç–∏–≤–æ–≤–æ—Å–ø–∞–ª–∏—Ç–µ–ª—å–Ω–æ–µ —Å—Ä–µ–¥—Å—Ç–≤–æ, —Å–Ω–∏–º–∞–µ—Ç —Å–ø–∞–∑–º—ã, –ø—Ä–∏–º–µ–Ω—è–µ—Ç—Å—è –≤–Ω—É—Ç—Ä—å –∏ –Ω–∞—Ä—É–∂–Ω–æ (–≤–∞–Ω–Ω–æ—á–∫–∏, —É–º—ã–≤–∞–Ω–∏—è).  36. –ú—è—Ç–∞ - —Å–Ω–∏–º–∞–µ—Ç —Ç–æ—à–Ω–æ—Ç—É.  37. –ö–∞–ª–µ–Ω–¥—É–ª–∞ - –Ω–∞—Ä—É–∂–Ω–æ–µ –ø—Ä–æ—Ç–∏–≤–æ–≤–æ—Å–ø–∞–ª–∏—Ç–µ–ª—å–Ω–æ–µ —Å—Ä–µ–¥—Å—Ç–≤–æ.  38. –ß–µ—Ä–µ–¥–∞ - –∞–Ω—Ç–∏–∞–ª–ª–µ—Ä–≥–∏—á–µ—Å–∫–∞—è —Ç—Ä–∞–≤–∫–∞, –¥–ª—è –≤–Ω—É—Ç—Ä–µ–Ω–Ω–µ–≥–æ –ø—Ä–∏–º–µ–Ω–µ–Ω–∏—è –∏ –≤–∞–Ω–Ω.  39. –ü—É—Å—Ç—ã—Ä–Ω–∏–∫ - —É—Å–ø–æ–∫–∞–∏–≤–∞—é—â–µ–µ —Å—Ä–µ–¥—Å—Ç–≤–æ, –º–æ–∂–Ω–æ –¥–æ–±–∞–≤–ª—è—Ç—å –≤ –≤–∞–Ω–Ω–æ—á–∫—É.  40. –õ–∞–≤—Ä–æ–≤—ã–π –ª–∏—Å—Ç - —Ç–∞–∫ –∂–µ, –∫–∞–∫ –∏ —á–µ—Ä–µ–¥–∞, –±–æ—Ä–µ—Ç—Å—è —Å –∞–ª–ª–µ—Ä–≥–∏—á–µ—Å–∫–∏–º–∏ –ø—Ä–æ—è–≤–ª–µ–Ω–∏—è–º–∏.  ‚úî –û–±—â–µ–µ  41. ""–§–µ–Ω–∏—Å—Ç–∏–ª"" –∫–∞–ø–ª–∏ - –ø—Ä–æ—Ç–∏–≤–æ–∞–ª–ª–µ—Ä–≥–∏—á–µ—Å–∫–æ–µ (–µ—Å–ª–∏ –Ω–µ –ø–æ–Ω–∞–¥–æ–±—è—Ç—Å—è –≤ —Ç–µ–∫—É—â–µ–º —Ä–µ–∂–∏–º–µ, —Ç–æ –ø–æ—Ç—Ä–µ–±—É–µ—Ç—Å—è –ø—Ä–∏ –ø—Ä–∏–≤–∏–≤–∫–∞—Ö).  42. ""–ö–∞–ª–≥–µ–ª—å"" - –≥–µ–ª—å —Å –ª–∏–¥–æ–∫–∞–∏–Ω–æ–º, —É–º–µ–Ω—å—à–∞–µ—Ç –±–æ–ª—å –æ—Ç –ø—Ä–æ—Ä–µ–∑—ã–≤–∞–Ω–∏—è –∑—É–±–æ–≤.  43. –ì—Ä–∞–¥—É—Å–Ω–∏–∫ –≤ –∫–æ–º–Ω–∞—Ç—É, –≥—Ä–∞–¥—É—Å–Ω–∏–∫ –≤ –≤–∞–Ω–Ω–æ—á–∫—É, –≥—Ä–∞–¥—É—Å–Ω–∏–∫ –¥–ª—è –∏–∑–º–µ—Ä–µ–Ω–∏—è —Ç–µ–º–ø–µ—Ä–∞—Ç—É—Ä—ã —Ç–µ–ª–∞. –°–µ–π—á–∞—Å –ø—Ä–æ–¥–∞—é—Ç—Å—è –æ—á–µ–Ω—å —É–¥–æ–±–Ω—ã–µ –∏–Ω—Ñ—Ä–∞–∫—Ä–∞—Å–Ω—ã–µ —Ç–µ—Ä–º–æ–º–µ—Ç—Ä—ã, –∏–∑–º–µ—Ä—è—é—â–∏–µ –æ—á–µ–Ω—å —Ç–æ—á–Ω–æ —Ç–µ–º–ø–µ—Ä–∞—Ç—É—Ä—É –∏ —Ç–µ–ª–∞, –∏ –≤–æ–∑–¥—É—Ö–∞ –≤ –∫–æ–º–Ω–∞—Ç–µ.  44. –®—Ç—É–∫ 5 –ø–∏–ø–µ—Ç–æ–∫ —Å —Ç—É–ø—ã–º –∫–æ–Ω—Ü–æ–º (5 - –ø–æ—Ç–æ–º—É —á—Ç–æ –æ–Ω–∏ –∏–º–µ—é—Ç –æ–±—ã–∫–Ω–æ–≤–µ–Ω–∏–µ –∫—É–¥–∞-—Ç–æ –∏—Å—á–µ–∑–∞—Ç—å).  45. –î–µ—Ç—Å–∫–∏–µ –ø–ª–∞—Å—Ç—ã—Ä–∏.  46. –ú–µ—Ä–Ω–∞—è –ª–æ–∂–∫–∞ –∏–ª–∏ —Å—Ç–∞–∫–∞–Ω—á–∏–∫ –¥–ª—è –¥–æ–∑–∏—Ä–æ–≤–∫–∏ –ª–µ–∫–∞—Ä—Å—Ç–≤.  47. –°–µ—Ä–µ–±—Ä—è–Ω–∞—è –ª–æ–∂–µ—á–∫–∞ (–ø–æ–∏—Ç—å –≤–æ–¥–∏—á–∫–æ–π –ª—É—á—à–µ –∏–º–µ–Ω–Ω–æ –∏–∑ —Ç–∞–∫–æ–π, —Å–µ—Ä–µ–±—Ä–æ –¥–µ–π—Å—Ç–≤–∏—Ç–µ–ª—å–Ω–æ –±–ª–∞–≥–æ—Ç–≤–æ—Ä–Ω–æ –≤–ª–∏—è–µ—Ç –Ω–∞ —Ç–æ, —á–µ–≥–æ –æ–Ω–æ –∫–∞—Å–∞–µ—Ç—Å—è).  48. –î–µ—Ç—Å–∫–∏–π –º–æ—á–µ–ø—Ä–∏–µ–º–Ω–∏–∫ (–æ—á–µ–Ω—å —É–¥–æ–±–Ω–æ —Å–æ–±–∏—Ä–∞—Ç—å –º–æ—á—É –¥–ª—è –∞–Ω–∞–ª–∏–∑–æ–≤: –º–∞–ª–µ–Ω—å–∫–∏–π –ø–ª–∞—Å—Ç–∏–∫–æ–≤—ã–π –ø–∞–∫–µ—Ç–∏–∫ –ø—Ä–æ—Å—Ç–æ –ø—Ä–∏–∫–ª–µ–∏–≤–∞–µ—Ç—Å—è –±–µ–∑–æ–ø–∞—Å–Ω–æ –∫ –∫–æ–∂–µ –º–∞–ª—ã—à–∞ –ø–æ–¥ –ø–∞–º–ø–µ—Ä—Å–æ–º).";0;0;0;22;;–ú–∞–º–∞, –°–µ–º—å—è, –î–µ—Ç–∏. –ú–æ–∏ –î–æ—á–∫–∏, –°—ã–Ω–æ—á–∫–∏;335237
https://vk.com/wall-202876724_905;https://vk.com/club202876724?w=wall-202876724_905;https://vk.com/club202876724;https://vk.com/club202876724;2024-06-05 16:51;–°–ø–æ–∫–æ–π—Å—Ç–≤–∏–µ –º–∞–º—ã –º–æ–∂–µ—Ç –∑–∞–≤–∏—Å–µ—Ç—å –æ—Ç –∫–∞—á–µ—Å—Ç–≤–∞ –æ–¥–µ–∂–¥—ã –º–∞–ª—ã—à–∞!  –ö–∞–∫ –∂–µ —á–∞—Å—Ç–æ –º–∞–º–æ—á–∫–∏ –≤–æ–ª–Ω—É—é—Ç—Å—è –∏ –ø–µ—Ä–µ–∂–∏–≤–∞—é—Ç. –ú—ã –Ω–µ –º–æ–∂–µ–º —Å–ø–∞—Å—Ç–∏ –º–∞–ª—ã—à–µ–π –æ—Ç –∫–æ–ª–∏–∫–æ–≤, –±–æ–ª–µ–∑–Ω–µ–Ω–Ω–æ–≥–æ –ø—Ä–æ—Ä–µ–∑—ã–≤–∞–Ω–∏—è –∑—É–±–æ–≤, –Ω–æ –º—ã –º–æ–∂–µ–º –ø–æ–∑–∞–±–æ—Ç–∏—Ç—å—Å—è –æ–± –∏—Ö –∫–æ–º—Ñ–æ—Ä—Ç–µ. –ò–º–µ–Ω–Ω–æ –ø–æ—ç—Ç–æ–º—É –º—ã —à—å–µ–º –æ–¥–µ–∂–¥—É –∏–∑ 100% —Ö–ª–æ–ø–∫–∞, –∫—Ä–æ–π –∫–æ—Ç–æ—Ä–æ–π —Ç—â–∞—Ç–µ–ª—å–Ω–æ –ø—Ä–æ–¥—É–º–∞–Ω –¥–æ –º–µ–ª–æ—á–µ–π!  –ï—Å–ª–∏ –∫—Ä–æ—Ö–µ —É–¥–æ–±–Ω–æ –∏ –ø—Ä–∏—è—Ç–Ω–æ, —Ç–æ –∏ –Ω–∞—Å—Ç—Ä–æ–µ–Ω–∏–µ —É –Ω–µ–≥–æ —Å—É–ø–µ—Ä, –≤–µ–¥—å —á—Ç–æ –µ—â—ë –Ω–∞–¥–æ - –º–∞–º–∞ —Ä—è–¥–æ–º, –Ω–∏—á–µ–≥–æ –Ω–µ —Ä–∞–∑–¥—Ä–∞–∂–∞–µ—Ç. –ê –∫–æ–≥–¥–∞ –º–∞–ª—ã—à —Å–ø–æ–∫–æ–µ–Ω - –º–∞–º–µ –Ω–µ –æ —á—ë–º –ø–µ—Ä–µ–∂–∏–≤–∞—Ç—å!  –ë–æ–¥–∏, —Å–ª–∏–ø—ã –∏ –ø–æ–ª–∑—É–Ω–∫–∏ –∏–∑ 100% —Ö–ª–æ–ø–∫–∞ –≤ —Å—Ç–∏–ª—å–Ω—ã—Ö —Ä–∞—Å—Ü–≤–µ—Ç–∫–∞—Ö –∂–¥—É—Ç –≤–∞—Å –Ω–∞ Wildberries,Ozon –∏ Lamoda   –ù–∞–±–æ—Ä —Å–ª–∏–ø–æ–≤ –¥–ª—è –º–∞–ª—ã—à–µ–π Lamby https://wildberries.ru/catalog/156027152/detail.aspx;2;0;0;15;;–î–µ—Ç—Å–∫–∞—è –æ–¥–µ–∂–¥–∞ –¥–ª—è –Ω–æ–≤–æ—Ä–æ–∂–¥–µ–Ω–Ω—ã—Ö Lamby;945
https://vk.com/wall-55071661_604;https://vk.com/club55071661?w=wall-55071661_604;https://vk.com/club55071661;https://vk.com/club55071661;2024-06-05 13:45;33 –°–ü–û–°–û–ë–ê  –ü–†–ò–ú–ï–ù–ï–ù–ò–Ø –Ω–∞—Ç—É—Ä–∞–ª—å–Ω–æ–π –∑—É–±–Ω–æ–π –ø–∞—Å—Ç—ã LUXURY DAY –∏ LUXURY NIGHT –∫–æ–º–ø–∞–Ω–∏–∏ GIOBAL TRENDüî•üî•üî•    1üî•–ü–†–ò –ì–†–ò–ü–ü–ï, –ù–ê–°–ú–û–†–ö–ï, –ù–û–°–û–í–û–ú –ö–†–û–í–û–¢–ï–ß–ï–ù–ò–ò - —Ç—É—Ä—É–Ω–¥–æ–π —Å –ó—É–±–Ω–æ–π –ø–∞—Å—Ç–æ–π –Ω–∞–ª–æ–∂–∏—Ç—å –≤ –æ–±–µ –Ω–æ–∑–¥—Ä–∏ –Ω–∞ 10-15 –º–∏–Ω 2-3-—Ö –∫—Ä–∞—Ç–Ω–æ –∏–ª–∏ —Å–º–∞–∑–∞—Ç—å –ø–∞—Å—Ç–æ–π –≤–Ω—É—Ç—Ä—å –Ω–æ–∑–¥—Ä–µ–π –≤–∞—Ç–Ω–æ–π –ø–∞–ª–æ—á–∫–æ–π 2-5 —Ä–∞–∑ –≤ –¥–µ–Ω—å.    2üî• –û–°–¢–†–´–ô –ì–ù–û–ô–ù–´–ô –û–¢–ò–¢ - –°—Ç–µ—Ä–∏–ª—å–Ω—É—é –≤–∞—Ç—É —Å –∑—É–±–Ω–æ–π –ø–∞—Å—Ç–æ–π –ø–æ–ª–æ–∂–∏—Ç—å –≥–ª—É–±–æ–∫–æ –≤ —É—à–∏, –∫–∞–∂–¥—ã–π 30 –º–∏–Ω. –ò –Ω–∞–º–∞–∑–∞—Ç—å –≤–æ–∫—Ä—É–≥ —É—Ö–∞.    3üî•–ê–ù–ì–ò–ù–ê, –¢–û–ù–ó–ò–õ–õ–ò–¢ –≥–æ—Ä–æ—à–∏–Ω—É –ø–∞—Å—Ç—ã –Ω–∞–Ω–æ—Å–∏—Ç—Å—è –Ω–∞ –º–∏–Ω–¥–∞–ª–∏–Ω—ã –∏ –Ω–∞ –≤–Ω—É—Ç—Ä–µ–Ω–Ω–∏–π –∑–µ–≤, –≤ —Ç–æ –∂–µ –≤—Ä–µ–º—è, —Å–Ω–∞—Ä—É–∂–∏ –Ω–∞ –∫—Ä—ã–ª—å—è –∏ –Ω–∞ —Å–ø–∏–Ω–∫—É –Ω–æ—Å–∞, –ø–æ–¥—á–µ–ª—é—Å—Ç–Ω—É—é –æ–±–ª–∞—Å—Ç—å. –ò–ª–∏ —Ä–∞—Å—Å–∞—Å—ã–≤–∞—Ç—å –ø–æ –ø–æ–ª–æ–≤–∏–Ω–µ –≥–æ—Ä–æ—à–∏–Ω—ã 5-6 —Ä–∞–∑ –≤ –¥–µ–Ω—å.    4üî•–°–¢–û–ú–ê–¢–ò–¢, –ö–†–û–í–û–¢–û–ß–ò–í–û–°–¢–¨ –î–Å–°–ï–ù, –¢–†–ï–©–ò–ù–´ –ù–ê –Ø–ó–´–ö–ï -–Ω–∞–Ω–µ—Å—Ç–∏ –Ω–∞ –ø–æ—Ä–∞–∂–µ–Ω–Ω—ã–π —É—á–∞—Å—Ç–æ–∫ –î–ï–°–ï–ù –ò –í–°–Æ –ü–û–õ–û–°–¢–¨ –†–¢–ê –ø–æ—Å–ª–µ –µ–¥—ã –∏ –Ω–∞ –Ω–æ—á—å.    5üî•–û–¢–†–ê–í–õ–ï–ù–ò–ï, –ì–ê–°–¢–†–ò–¢, –ü–û–ù–û–° - 1-2 —Å–º –ø–∞—Å—Ç—ã —Ä–∞—Å—Ç–≤–æ—Ä–∏—Ç—å –≤ 1 —Å—Ç–∞–∫–∞–Ω–µ —Ç–µ–ø–ª–æ–π –∫–∏–ø—è—á–µ–Ω–Ω–æ–π –≤–æ–¥—ã, –≤—ã–ø–∏—Ç—å —á–µ—Ä–µ–∑ 30 –º–∏–Ω—É—Ç –ø–æ—Å–ª–µ –µ–¥—ã.    6üî•–ü–ê–†–ê–ó–ò–¢–ê–†–ù–´–ï –ó–ê–ë–û–õ–ï–í–ê–ù–ò–Ø, –ú–ù–û–ñ–ï–°–¢–í–ï–ù–ù–´–ï –í–ï–°–ù–£–®–ö–ò –ù–ê –õ–ò–¶–ï - 1-2 —Å–º –ø–∞—Å—Ç—ã –Ω–∞ –≥–æ–ª–æ–¥–Ω—ã–π –∂–µ–ª—É–¥–æ–∫ –ø—Ä–∏–Ω—è—Ç—å –≤–Ω—É—Ç—Ä—å, –ø—Ä–æ–≥–ª–∞—Ç—ã–≤–∞—è –≤ —Ç–µ—á–µ–Ω–∏–µ 2-—Ö –Ω–µ–¥–µ–ª—å –¥–æ 1 –º–µ—Å—è—Ü–∞, –Ω–∞–Ω–æ—Å–∏—Ç—å —Ç–æ–Ω–∫–∏–º —Å–ª–æ–µ–º –Ω–∞ –ø–æ—Ä–∞–∂–µ–Ω–Ω—É—é –∫–æ–∂—É 3 —Ä–∞–∑–∞ –≤ –¥–µ–Ω—å –Ω–∞ –≤–ª–∞–∂–Ω—É—é –∫–æ–∂—É –≥–æ—Ä–æ—à–∏–Ω—É –ø–∞—Å—Ç—ã –∏ —Ä–∞—Å—Ç–µ—Ä–µ—Ç—å –¥–æ –≤—Å–ø–µ–Ω–∏–≤–∞–Ω–∏—è.    7üî•–û–°–¢–†–´–ô –ù–ï–í–†–ò–¢, –ì–û–õ–û–í–ù–´–ï –ë–û–õ–ò - –Ω–∞–Ω–µ—Å—Ç–∏ —Ç–æ–Ω–∫–∏–º —Å–ª–æ–µ–º –≥–æ—Ä–æ—à–∏–Ω—É –Ω–∞ –±–æ–ª–µ–∑–Ω–µ–Ω–Ω—É—é —á–∞—Å—Ç—å –≥–æ–ª–æ–≤—ã. –ù–∞ –≤–ª–∞–∂–Ω—É—é –∫–æ–∂—É.    8üî•–û–¢–ö–†–´–¢–´–ï –†–ê–ù–´, –¢–†–ê–í–ú–ê–¢–ò–ß–ï–°–ö–ò–ô –û–¢–ï–ö - –Ω–∞–Ω–µ—Å—Ç–∏ –Ω–∞ –ø–æ–≤–µ—Ä—Ö–Ω–æ—Å—Ç—å —Ä–∞–Ω—ã –∏–ª–∏ –æ—Ç–µ–∫–∞, —ç—Ñ—Ñ–µ–∫—Ç–∏–≤–Ω–µ–µ –ø—Ä–∏ –ø—Ä–∏–º–µ–Ω–µ–Ω–∏–∏ –Ω–µ –ø–æ–∑–∂–µ 1 –¥–Ω—è –ø–æ—Å–ª–µ —Ä–∞–∑–≤–∏—Ç–∏—è –ø–æ–≤—Ä–µ–∂–¥–µ–Ω–∏—è.    9üî• –£–ö–£–° –ö–û–ú–ê–†–ê –ò –î–†–£–ì–ò–• –ù–ê–°–ï–ö–û–ú–´–• -–Ω–∞ –æ–±–ª–∞—Å—Ç—å —É–∫—É—Å–∞.    10üî•–û–ñ–û–ì–ò - —Ç–µ—Ä–º–∏—á–µ—Å–∫–∏–µ –∏ —Ö–∏–º–∏—á–µ—Å–∫–∏–µ - –Ω–∞–Ω–µ—Å—Ç–∏ –ø–∞—Å—Ç—É –Ω–∞ –≤–µ—Å—å –ø–æ—Ä–∞–∂–µ–Ω–Ω—ã–π —É—á–∞—Å—Ç–æ–∫ –∫–æ–∂–∏.    11üî• –ü–û–°–¢–¢–†–ê–í–ú–ê–¢–ò–ß–ï–°–ö–ò–ï –¢–†–û–ú–ë–´, –ì–ï–ú–ê–¢–û–ú–´ - –Ω–∞–Ω–µ—Å—Ç–∏ —Ç–æ–Ω–∫–∏–º —Å–ª–æ–µ–º –µ–∂–µ–¥–Ω–µ–≤–Ω–æ –¥–æ –∏—Å—á–µ–∑–Ω–æ–≤–µ–Ω–∏—è –≥–µ–º–∞—Ç–æ–º—ã.    12üî• –í–´–ü–ê–î–ï–ù–ò–ï –í–û–õ–û–°, –ü–ï–†–•–û–¢–¨ - –Ω–∞–Ω–µ—Å—Ç–∏ –Ω–∞ –≤–ª–∞–∂–Ω—É—é –∫–æ–∂—É –∫–æ—Ä–Ω–µ–π –≤–æ–ª–æ—Å.    13üî• –£–ì–†–ï–í–ê–Ø –°–´–ü–¨ - –Ω–∞–Ω–µ—Å—Ç–∏ –Ω–∞ –ª–∏—Ü–æ —Ç–æ–Ω–∫–∏–º —Å–ª–æ–µ–º –Ω–∞ –Ω–æ—á—å (–∏–∑–±–µ–≥–∞—Ç—å –æ–±–ª–∞—Å—Ç—å –≥–ª–∞–∑, –≤–µ–∫–∏) –∏–ª–∏ —Å–º—ã—Ç—å —á–µ—Ä–µ–∑ 30 –º–∏–Ω, –µ–∂–µ–¥–Ω–µ–≤–Ω–æ –¥–æ –∏—Å—á–µ–∑–Ω–æ–≤–µ–Ω–∏—è —Å—ã–ø–∏. –ü—Ä–∏ —ç—Ç–æ–º –ø—Ä–∏–º–µ–Ω—è—Ç—å –Ω–∞–Ω–æ –±–∞–ª—å–∑–∞–º—ã –≤–æ –≤–Ω—É—Ç—Ä—å.    14üî• –¶–ò–°–¢–ò–¢ - 2-3 —Å–º –ø–∞—Å—Ç—ã –Ω–∞–Ω–µ—Å—Ç–∏ –Ω–∞ —Å—Ç–µ—Ä–∏–ª—å–Ω—É—é —Å–∞–ª—Ñ–µ—Ç–∫—É –∏–∑ –±–∏–Ω—Ç–∞, –ø–æ–¥–ª–æ–∂–∏—Ç—å –≤ —Ç–µ—á–µ–Ω–∏–µ 3-7 –¥–Ω–µ–π.    15üî•–ö–†–û–í–û–¢–û–ß–ê–©–ò–ô –ì–ï–ú–û–†–†–û–ô - 1-2 —Å–º –ø–∞—Å—Ç—ã –Ω–∞–Ω–µ—Å—Ç–∏ —Ç–æ–Ω–∫–∏–º —Å–ª–æ–µ–º –µ–∂–µ–¥–Ω–µ–≤–Ω–æ —É—Ç—Ä–æ–º –≤–µ—á–µ—Ä–æ–º, –¥–æ –∏—Å—á–µ–∑–Ω–æ–≤–µ–Ω–∏—è, –≤ —Ç–µ—á–µ–Ω–∏–∏ 2-—Ö –Ω–µ–¥–µ–ª—å –∏ –±–æ–ª–µ–µ.    16üî• –ú–ï–õ–ö–ò–ï –ü–ê–ü–ò–õ–õ–û–ú–´ - –≤–∞—Ç–æ–π –Ω–∞–Ω–µ—Å—Ç–∏ –∏ –∑–∞—Ñ–∏–∫—Å–∏—Ä–æ–≤–∞—Ç—å –∏–ª–∏ –Ω–∞–Ω–µ—Å—Ç–∏ —Ç–æ–Ω–∫–∏–º —Å–ª–æ–µ–º –µ–∂–µ–¥–Ω–µ–≤–Ω–æ –¥–æ –∏—Å—á–µ–∑–Ω–æ–≤–µ–Ω–∏—è, –≤ —Ç–µ—á–µ–Ω–∏–µ 2-—Ö –Ω–µ–¥–µ–ª—å –∏ –±–æ–ª–µ–µ.    17üî• –ì–ï–†–ü–ï–°- –Ω–∞–Ω–µ—Å—Ç–∏ –Ω–∞ –≤—ã—Å—ã–ø–∞–Ω–∏—è —Ç–æ–Ω–∫–∏–º —Å–ª–æ–µ–º –∏ –æ—Å—Ç–∞–≤–∏—Ç—å –¥–æ –≤—ã—Å—ã—Ö–∞–Ω–∏—è, –ø—Ä–æ—Ö–æ–¥–∏—Ç –∑–∞ 2 –¥–Ω—è –±–µ–∑ –ó–æ–≤–∏—Ä–∞–∫—Å–∞ –∏ –¥—Ä—É–≥–∏—Ö –¥–æ—Ä–æ–≥–æ—Å—Ç–æ—è—â–∏—Ö –º–∞–∑–µ–π.    18üî• –ö–ê–ö –ú–ê–°–ö–ê –î–õ–Ø –õ–ò–¶–ê. –ü—Ä–µ–¥–≤–∞—Ä–∏—Ç–µ–ª—å–Ω–æ —É–º–æ–π—Ç–µ—Å—å –∏ –Ω–∞ –≤–ª–∞–∂–Ω—É—é –∫–æ–∂—É —Ä–∞—Å–ø—Ä–µ–¥–µ–ª–∏—Ç–µ —Ç–æ–Ω–∫–∏–º —Å–ª–æ–µ–º –ó–£–ë–ù–£–Æ –ü–ê–°–¢–£. –õ–∏–±–æ —Å–º–µ—à–∞–π—Ç–µ –Ω–µ–º–Ω–æ–≥–æ –ø–∞—Å—Ç—ã —Å –∫—Ä–µ–º–æ–º –Ω–∞–º–∞–∂—å—Ç–µ –ª–∏—Ü–æ –∏ –Ω–µ —Å–º—ã–≤–∞–π—Ç–µ.    19üî• –ë–û–õ–¨–ù–´–ï –°–£–°–¢–ê–í–´, —Å–º–æ—á–∏—Ç–µ –∫–æ–∂—É, –º–µ—Å—Ç–æ –±–æ–ª–∏ —Ç–µ–ø–ª–æ–π –≤–æ–¥–æ–π –∏ –í–¢–ò–†–ê–ô–¢–ï –ü–ê–°–¢–£. –ù–ê –ù–û–ß–¨ –ö–û–ú–ü–†–ï–°–° –∏–∑ –ø–∞—Å—Ç—ã —Å –≤–æ–¥–æ–π –∏–ª–∏ –±–∞–ª—å–∑–∞–º–∞–º–∏. –ú–æ–∂–Ω–æ –∑–∞–º–æ—Ç–∞—Ç—å –∫–∞–∫ –∫–æ–º–ø—Ä–µ—Å—Å –≤ –ø–∏—â–µ–≤—É—é –ø–ª–µ–Ω–∫—É.    20üî•–ú–ê–°–¢–û–ü–ê–¢–ò–Ø- –Ω–∞–Ω–µ—Å—Ç–∏ —Å–ª–æ–π –ø–∞—Å—Ç—ã –Ω–∞ –≥—Ä—É–¥–Ω—ã–µ –∂–µ–ª–µ–∑—ã, –Ω–∞–∫—Ä—ã—Ç—å –ø–ª–µ–Ω–∫–æ–π –∏ —Ö/–± —Ç–∫–∞–Ω—å—é 1-2 —Ä–∞–∑–∞ –≤ –¥–µ–Ω—å.    21üî•–ü–°–û–†–ò–ê–ó, –≠–ö–ó–ï–ú–ê. –ù–∞–Ω–æ—Å–∏—Ç—å –Ω–∞ –ø–æ—Ä–∞–∂–µ–Ω–Ω—ã–µ —É—á–∞—Å—Ç–∫–∏ –∫–æ–∂–∏, —É—Ç—Ä–æ–º –∏ –≤–µ—á–µ—Ä–æ–º.    22üî• –ì–†–ò–ë–û–ö –ù–ê –ù–û–ì–ê–•, –°–£–•–ò–ï –ü–Ø–¢–ö–ò. –ù–∞–Ω–µ—Å—Ç–∏ –Ω–∞ –≤–ª–∞–∂–Ω—É—é –∫–æ–∂—É. –°–≤–µ—Ä—Ö—É –æ–¥–µ—Ç—å –ø–∞–∫–µ—Ç –∏ –Ω–æ—Å–æ—á–µ–∫ , –Ω–∞ –Ω–æ—á—å.    23üî• –ü–†–û–õ–ï–ñ–ù–ò - –Ω–∞ –º–∞—Ä–ª–µ–≤—É—é —Å–∞–ª—Ñ–µ—Ç–∫—É —Å–ª–µ–≥–∫–∞ —Å–º–æ—á–∏—Ç—å –∏ –ø—Ä–∏–ª–æ–∂–∏—Ç—å –Ω–∞ –º–µ—Å—Ç–æ –ø—Ä–æ–ª–µ–∂–Ω–µ–π, –ø—Ä–∏ –Ω–µ–æ–±—Ö–æ–¥–∏–º–æ—Å—Ç–∏ –º–æ–∂–Ω–æ –ø–æ–≤—Ç–æ—Ä–∏—Ç—å.    24üî• –ü–†–ò –ü–†–û–†–ï–ó–´–í–ê–ù–ò–ò –ó–£–ë–û–í –£ –ú–ê–õ–ï–ù–¨–ö–ò–• –î–ï–¢–ï–ô - —Ç–æ–Ω–∫–∏–º —Å–ª–æ–µ–º –Ω–∞–Ω–µ—Å—Ç–∏ –Ω–∞ –¥–µ—Å–Ω–∞, –º–æ–∂–Ω–æ –¥–Ω—ë–º, –º–æ–∂–Ω–æ –Ω–∞ –Ω–æ—á—å.    25üî•–í–ê–†–ò–ö–û–ó–ù–´–ï –°–ï–¢–ö–ò - —Ä–∞—Å—Ç–∏—Ä–∞—Ç—å –Ω–∞ –Ω–æ—á—å —Ç–æ–Ω–∫–∏–º —Å–ª–æ–µ–º.    26üî•–ü–†–ò –ö–û–õ–ï–ù–ù–´–• –ë–û–õ–Ø–•, –ú–´–®–¶ –ò –°–£–°–¢–ê–í–û–í - —Å–º–µ—à–∞—Ç—å –∑—É–±–Ω—ã–µ –ø–∞—Å—Ç—ã –¥–µ–Ω—å –∏ –Ω–æ—á—å, –¥–æ–±–∞–≤–∏—Ç—å 1 –∫–æ–ª–ø–∞—á–æ–∫ –°–º–∞—Ä—Ç –õ—é–∫—Å–∞, –ø—Ä–∏–ª–æ–∂–∏—Ç—å –Ω–∞ –∫–æ–ª–µ–Ω–∏ –∏ —É–∫—É—Ç–∞—Ç—å –ø–∏—â–µ–≤–æ–π –ø–ª—ë–Ω–∫–æ–π –Ω–∞ –Ω–æ—á—å.    27üî• –ü—Ä–∏ –∑—É–±–Ω–æ–π –±–æ–ª–∏ –Ω–∞–º–∞–∑–∞—Ç—å –¥–µ—Å–Ω—É, –±–æ–ª—å —Å—Ç–∏—Ö–∞–µ—Ç –≤ —Ç–µ—á–µ–Ω–∏–∏ 10 –º–∏–Ω—É—Ç.    28üî• –ü—Ä–∏ –≤—ã–≤–∏—Ö–∞—Ö, —É—à–∏–±–∞—Ö, –Ω–∞–º–∞–∑–∞—Ç—å –º–µ—Å—Ç–æ —Å –≥–æ—Ä–æ—à–∏–Ω–æ–π –∑—É–±–Ω–æ–π –ø–∞—Å—Ç—ã –∏ —Ä–∞—Å—Ç–µ—Ä–µ—Ç—å –¥–æ –≤—Å–ø–µ–Ω–∏–≤–∞–Ω–∏—è —Å –≤–æ–¥–æ–π.    29üî• –ü—Ä–∏ —Ä–∞–¥–∏–∫—É–ª–∏—Ç–µ.    30üî•–ü—Ä–∏–º–µ–Ω—è—é—Ç –≤ –∫–∞—á–µ—Å—Ç–≤–µ –∫—Ä–µ–º–∞ –∏–ª–∏ –ª–æ—Å—å–æ–Ω–∞ –ø–æ—Å–ª–µ –±—Ä–∏—Ç—å—è , —Ä–∞—Å—Ç–µ—Ä–µ—Ç—å –Ω–∞ –≤–ª–∞–∂–Ω–æ–π –∫–æ–∂–µ –ø–æ–ª–æ–≤–∏–Ω–∞ –≥–æ—Ä–æ—à–∏–Ω—ã –ø–∞—Å—Ç—ã.    31 üî•–û–ß–ï–ù–¨ –ë–´–°–¢–†–û –°–ù–ò–ú–ê–ï–¢ –ë–û–õ–¨ –í –ì–û–†–õ–ï –£–°–ü–û–ö–ê–ò–í–ê–ï–¢ –ö–ê–®–ï–õ–¨ –†–ê–°–°–ê–°–´–í–ê–¢–¨ –ü–û–õ –ì–û–†–û–®–ò–ù–´ 5-6 –†–ê–ó –í –î–ï–ù–¨.    32üî•–í–º–µ—Å—Ç–æ –¥–µ–∑–æ–¥–æ—Ä–∞–Ω—Ç–∞ –ø–æ–¥ –º—ã—à–∫–∏. –Ø –±–µ—Ä—É –¥–Ω–µ–≤–Ω—É—é –ø–æ–ª–≥–æ—Ä–æ—à–∏–Ω—ã –Ω–∞ –≤–ª–∞–∂–Ω—ã–µ –ª–∞–¥–æ–Ω–∏. –†–∞—Å—Ç–∏—Ä–∞—é –∏ —Å–º–∞–∑—ã–≤–∞—é –ø–æ–ø–µ—Ä–µ–º–µ–Ω–Ω–æ –æ–±–µ –ø–æ–¥–º—ã—à–∫–∏. –û—Å—Ç–∞—Ç–∫–∏ —Å–º—ã–≤–∞—é —Å –ª–∞–¥–æ–Ω–µ–π –ø–æ–¥ —Å—Ç—Ä—É—ë–π –≤–æ–¥—ã.    33. üî•–Ø—á–º–µ–Ω—å –Ω–∞ –≤–µ–∫–µ –≥–ª–∞–∑–∞.;0;0;0;9;;Global Trend - –ë—É–¥—å –≤—Å–µ–≥–¥–∞ –∑–¥–æ—Ä–æ–≤!;2117
https://vk.com/wall-221689526_89;https://vk.com/club221689526?w=wall-221689526_89;https://vk.com/club221689526;https://vk.com/club221689526;2024-06-05 10:25;ü´ß–õ—É—á—à–∏–π –ø–æ–¥–∞—Ä–æ–∫ –Ω–∞ –≤—ã–ø–∏—Å–∫—É –∏–∑ —Ä–æ–¥–¥–æ–º–∞ –∏–ª–∏ –Ω–∞ –≥–µ–Ω–¥–µ—Ä-–ø–∞—Ç–∏ )) ü´ß–í –Ω–∞–±–æ—Ä –≤—Ö–æ–¥–∏—Ç: ü´ß–ü–æ–¥–≥—É–∑–Ω–∏–∫–∏ - 18—à—Ç (—ç–ª–∏—Ç —Å–æ—Ñ—Ç 3 —Ç—Ä—É—Å–∏–∫–∏)  ü´ß–ü–µ–ª—ë–Ω–∫–∏ —Ç–æ–Ω–∫–∏–µ - 1 —à—Ç ü´ß–ü–æ–≥—Ä–µ–º—É—à–∫–∏ —Å –º—è–≥–∫–∏–º–∏ –∫–æ–Ω—á–∏–∫–∞–º–∏ - 2 —à—Ç  ü´ß–°–ª—é–Ω—è–≤—á–∏–∫ —Å –ø—Ä–æ—Ä–µ–∑—ã–≤–∞—Ç–µ–ª–µ–º - 2 —à—Ç ü´ß–í –Ω–∞–ª–∏—á–∏–∏ ü´ß;1;0;0;8;;‚Ä¢ –ú—ã–ª—å–Ω–∞—è –ö—Ä–æ—à–∫–∞ ‚Ä¢;14
https://vk.com/wall-224713475_102;https://vk.com/club224713475?w=wall-224713475_102;https://vk.com/club224713475;https://vk.com/club224713475;2024-06-05 14:08;–ß—Ç–æ —Ç–∞–∫–æ–µ –¥–∏—Å—Ç–æ–ø–∏—è ? –î–∏—Å—Ç–æ–ø–∏—è - —ç—Ç–æ –Ω–µ –ø—Ä–∞–≤–∏–ª—å–Ω–æ–µ –ø–æ–ª–æ–∂–µ–Ω–∏–µ –∑—É–±–∞ –º—É–¥—Ä–æ—Å—Ç–∏. –î–∏—Å—Ç–æ–ø–∏—è –º–æ–∂–µ—Ç –¥–∞–≤–∏—Ç—å –Ω–∞ —Å–æ—Å–µ–¥–Ω–∏–µ –∑—É–±—ã –∏ –∏—Ö —Ä–∞–∑—Ä—É—à–∞—Ç—å, —Ç–∞–∫ –∂–µ –ø—Ä–∏ –¥–∏—Å—Ç–æ–ø–∏–∏ –ø—Ä–æ–∏—Å—Ö–æ–¥–∏—Ç –≤–æ—Å–ø–∞–ª–µ–Ω–∏–µ –ø—Ä–∏ –ø—Ä–æ—Ä–µ–∑—ã–≤–∞–Ω–∏–∏ –∏ —Å–º–µ—â–µ–Ω–∏–µ –∑—É–±–∞-–∞–Ω—Ç–∞–≥–æ–Ω–∏—Å—Ç–∞ –Ω–∞ –º–µ—Å—Ç–æ —É–¥–∞–ª—ë–Ω–Ω–æ–≥–æ –∑—É–±–∞. –ß—Ç–æ–±—ã —ç—Ç–æ–≥–æ –∏–∑–±–µ–∂–∞—Ç—å –Ω–µ–æ–±—Ö–æ–¥–∏–º–æ –≤–æ–≤—Ä–µ–º—è —É–¥–∞–ª—è—Ç—å –¥–∏—Å—Ç–æ–ø–∏—é .;2;0;0;7;;–°—Ç–æ–º–∞—Ç–æ–ª–æ–≥–∏—è –ü—Ä–æ—Ñ–∏–¥–µ–Ω—Ç;348
https://vk.com/wall849566447_5;https://vk.com/id849566447?w=wall849566447_5;https://vk.com/id849566447;https://vk.com/id849566447;2024-06-05 14:30;–í –≤–æ–∑—Ä–∞—Å—Ç–µ¬†5-7 –ª–µ—Ç¬†—É —Ä–µ–±–µ–Ω–∫–∞ –ø—Ä–æ—Ä–µ–∑—ã–≤–∞—é—Ç—Å—è –ø–µ—Ä–≤—ã–µ –ø–æ—Å—Ç–æ—è–Ω–Ω—ã–µ –∑—É–±—ã (—à–µ—Å—Ç–µ—Ä–∫–∏) –∏ –Ω–∞—á–∏–Ω–∞–µ—Ç—Å—è –ø–æ—Å—Ç–µ–ø–µ–Ω–Ω–∞—è —Å–º–µ–Ω–∞ –º–æ–ª–æ—á–Ω—ã—Ö –∑—É–±–æ–≤ –Ω–∞ –ø–æ—Å—Ç–æ—è–Ω–Ω—ã–µ, –∫–æ—Ç–æ—Ä–∞—è –∑–∞–∫–∞–Ω—á–∏–≤–∞–µ—Ç—Å—è –≤ 14-15 –ª–µ—Ç. –ü–æ—Å–ª–µ –ø—Ä–æ—Ä–µ–∑—ã–≤–∞–Ω–∏—è –ø–æ—Å—Ç–æ—è–Ω–Ω—ã–µ –∑—É–±—ã –æ—Å–æ–±–µ–Ω–Ω–æ –ø–æ–¥–≤–µ—Ä–∂–µ–Ω—ã –∫–∞—Ä–∏–µ—Å—É. –õ–µ—á–µ–Ω–∏–µ –∫–∞—Ä–∏–µ—Å–∞ –ø–æ—Å—Ç–æ—è–Ω–Ω—ã—Ö –∑—É–±–æ–≤ —É –¥–µ—Ç–µ–π¬†–º–∞–ª–æ —á–µ–º –æ—Ç–ª–∏—á–∞–µ—Ç—Å—è –æ—Ç –ª–µ—á–µ–Ω–∏—è —É –≤–∑—Ä–æ—Å–ª—ã—Ö –≤ —Ç–∞–∫–∏—Ö —Å–ª—É—á–∞—è—Ö.;1;0;0;6;;–ù–∞–¥–µ–∂–¥–∞ –≠–¥—É–∞—Ä–¥–æ–≤–Ω–∞;10
https://vk.com/wall-221564991_209;https://vk.com/club221564991?w=wall-221564991_209;https://vk.com/club221564991;https://vk.com/club221564991;2024-06-05 16:45;–í –Ω–∞–ª–∏—á–∏–∏! –ê—Ä–æ–º–∞—Ç–∏–∑–∏—Ä–æ–≤–∞–Ω–Ω–∞—è –∏–≥—Ä—É—à–∫–∞ Mr.Kranch –∏–∑–≥–æ—Ç–æ–≤–ª–µ–Ω–∞ –∏–∑ –Ω–∞—Ç—É—Ä–∞–ª—å–Ω–æ–≥–æ –∫–∞—É—á—É–∫–∞. –£–Ω–∏–∫–∞–ª—å–Ω–∞—è —Ç–µ—Ö–Ω–æ–ª–æ–≥–∏—è –∏–Ω–∫–∞–ø—Å—É–ª—è—Ü–∏–∏ –∞—Ä–æ–º–∞—Ç–∞ –∞–±—Å–æ–ª—é—Ç–Ω–æ –±–µ–∑–æ–ø–∞—Å–Ω–∞ –¥–ª—è –ø–∏—Ç–æ–º—Ü–∞. –°—Ç–æ–π–∫–∏–π, –Ω–æ –Ω–µ —Ä–µ–∑–∫–∏–π –∞—Ä–æ–º–∞—Ç –ø—Ä–∏–≤–ª–µ–∫–∞–µ—Ç –ø–∏—Ç–æ–º—Ü–∞ –∏ –¥–æ–ø–æ–ª–Ω–∏—Ç–µ–ª—å–Ω–æ —Å—Ç–∏–º—É–ª–∏—Ä—É–µ—Ç –∫ –∏–≥—Ä–µ. –ò–≥—Ä—É—à–∫–∞ –ø–æ–º–æ–≥–∞–µ—Ç —É–¥–æ–≤–ª–µ—Ç–≤–æ—Ä—è—Ç—å –æ—Ö–æ—Ç–Ω–∏—á–∏–π –∏–Ω—Å—Ç–∏–Ω–∫—Ç –∏ –∏–º–∏—Ç–∏—Ä—É–µ—Ç –ø—Ä–∏–≤—ã—á–Ω–æ–µ –¥–ª—è –ø–∏—Ç–æ–º—Ü–∞ –∂–µ–≤–∞–Ω–∏–µ, –ø—Ä–∏—è—Ç–Ω–æ –º–∞—Å—Å–∏—Ä—É—è –¥–µ—Å–Ω–∞. –û—Ç–ª–∏—á–Ω–æ —Å–Ω–∏–º–∞–µ—Ç –¥–∏—Å–∫–æ–º—Ñ–æ—Ä—Ç –ø—Ä–∏ –ø—Ä–æ—Ä–µ–∑—ã–≤–∞–Ω–∏–∏ –∑—É–±–æ–≤ —É —â–µ–Ω–∫–æ–≤. –í–µ—Ç–µ—Ä–∏–Ω–∞—Ä–Ω—ã–µ –≤—Ä–∞—á–∏ –∏ –∫–∏–Ω–æ–ª–æ–≥–∏ —Å–æ–≤–µ—Ç—É—é—Ç –∑–∞–ø–æ–ª–Ω–∏—Ç—å –∏–≥—Ä—É—à–∫—É –ª–∞–∫–æ–º—Å—Ç–≤–æ–º, —Ç–µ–º —Å–∞–º—ã–º –≤—ã —Å–º–æ–∂–µ—Ç–µ —Å –ª–µ–≥–∫–æ—Å—Ç—å—é –ø–æ–¥–¥–µ—Ä–∂–∞—Ç—å –æ—Ç–ª–∏—á–Ω–æ–µ –Ω–∞—Å—Ç—Ä–æ–µ–Ω–∏–µ –ø–∏—Ç–æ–º—Ü–∞, –∞ —Ç–∞–∫–∂–µ –ø—Ä–µ–¥–æ—Ç–≤—Ä–∞—Ç–∏—Ç—å –µ–≥–æ –Ω–µ–∂–µ–ª–∞—Ç–µ–ª—å–Ω–æ–µ –ø–æ–≤–µ–¥–µ–Ω–∏–µ. –í–∞–∂–Ω–æ: –ø–µ—Ä–µ–¥ –∏—Å–ø–æ–ª—å–∑–æ–≤–∞–Ω–∏–µ–º —É–¥–∞–ª–∏—Ç–µ –≤—Å–µ –±–∏—Ä–∫–∏ –∏ –∫—Ä–µ–ø–ª–µ–Ω–∏—è. –ü—Ä–µ–∫—Ä–∞—Ç–∏—Ç–µ –∏—Å–ø–æ–ª—å–∑–æ–≤–∞—Ç—å –∏–≥—Ä—É—à–∫—É, –µ—Å–ª–∏ –Ω–∞ –Ω–µ–π –ø–æ—è–≤–∏–ª–∏—Å—å –ø–æ–≤—Ä–µ–∂–¥–µ–Ω–∏—è, –æ—Ç–æ—Ä–≤–∞–Ω—ã –∏–ª–∏ –æ—Ç—Å—É—Ç—Å—Ç–≤—É—é—Ç –æ—Ç–¥–µ–ª—å–Ω—ã–µ –µ–µ —á–∞—Å—Ç–∏;0;0;0;5;;–ó–æ–æ–º–∞—Ä–∫–µ—Ç HAPPY PETS;294
https://vk.com/wall-224003014_114;https://vk.com/club224003014?w=wall-224003014_114;https://vk.com/club224003014;https://vk.com/club224003014;2024-06-05 17:10;–≠–§–ò–†–ù–û–ï –ó–î–û–†–û–í–¨–ï —Å–µ–≥–æ–¥–Ω—è –≤ 11:55 –†–æ–º–∞—à–∫–∞, —Ä–æ–º–∞—à–∫–∞, –±–µ–ª—ã–π –ª–µ–ø–µ—Å—Ç–æ–∫ üåº  –õ–µ—Ç–æ ‚Äì —ç—Ç–æ –≤–æ–∑–¥—É—Ö, —Å–≤–æ–±–æ–¥–∞ –∏... —Å–∫–∏–¥–∫–∞ 10% –Ω–∞ —ç—Ñ–∏—Ä–Ω–æ–µ –º–∞—Å–ª–æ —Ä–∏–º—Å–∫–æ–π —Ä–æ–º–∞—à–∫–∏ –≤ –∏—é–Ω–µ! üéâ  –í –¥–æ–º–µ, –≥–¥–µ –ø–æ—Å–µ–ª–∏–ª–æ—Å—å —ç—Ç–æ –º–∞—Å–ª–æ, –Ω–µ—Ç –º–µ—Å—Ç–∞ –Ω–∞–ø—Ä—è–∂–µ–Ω–∏—é. –ü—Ä–æ—Å—Ç–æ —Ä–∞—Å–ø—ã–ª–∏—Ç–µ –Ω–µ—Å–∫–æ–ª—å–∫–æ –∫–∞–ø–µ–ª—å, –∏ —É—Å—Ç–∞–ª–æ—Å—Ç—å –∏—Å—á–µ–∑–Ω–µ—Ç, —É—Å—Ç—É–ø–∏–≤ –º–µ—Å—Ç–æ –≥–ª—É–±–æ–∫–æ–º—É —Ä–∞—Å—Å–ª–∞–±–ª–µ–Ω–∏—é.  –ö–∞–∫ –ø—Ä–∏–º–µ–Ω—è–µ–º –¥–ª—è –¥–µ—Ç–µ–π? üëáüèΩ  –í–ê–ù–ù–´ üê¨ 1 –∫–∞–ø–ª—é —Ä–∏–º—Å–∫–æ–π —Ä–æ–º–∞—à–∫–∏ —Ä–∞—Å—Ç–≤–æ—Ä–∏—Ç–µ –≤ 30 –º–ª —Å–ª–∏–≤–æ–∫ –∏ –¥–æ–±–∞–≤—å—Ç–µ –≤ –≤–∞–Ω–Ω–æ—á–∫—É. –£—Å–ø–æ–∫–æ–∏—Ç –º–∞–ª—ã—à–∞ –∏ –ø–æ–¥–∞—Ä–∏—Ç —Å–ø–æ–∫–æ–π–Ω—ã–π —Å–æ–Ω. –û—Ç–ª–∏—á–Ω–∞—è –ø—Ä–æ—Ñ–∏–ª–∞–∫—Ç–∏–∫–∞ –æ—Ç —Å—ã–ø–∏ –ø–æ–¥ –ø–æ–¥–≥—É–∑–Ω–∏–∫–∞–º–∏.  –ü–†–û–†–ï–ó–´–í–ê–ù–ò–ï –ó–£–ë–û–í üêº 1 –∫–∞–ø–ª—è —Ä–æ–º–∞—à–∫–∏ –Ω–∞ 10 –º–ª –±–∞–∑–æ–≤–æ–≥–æ –º–∞—Å–ª–∞. –ú—è–≥–∫–æ –º–∞—Å—Å–∏—Ä—É–π—Ç–µ —â–µ–∫—É —Ç–∞–º, –≥–¥–µ —Ä–µ–∂–µ—Ç—Å—è –∑—É–±.  –ö–û–õ–ò–ö–ò üê• –ù–µ–∂–Ω—ã–π –º–∞—Å—Å–∞–∂ –∂–∏–≤–æ—Ç–∏–∫–∞ –ø–æ–º–æ–∂–µ—Ç —Å–Ω—è—Ç—å –¥–∏—Å–∫–æ–º—Ñ–æ—Ä—Ç. 1 –∫–∞–ø–ª—è —Ä–æ–º–∞—à–∫–∏ –Ω–∞ 10 –º–ª –±–∞–∑—ã. –ü–æ–≥–ª–∞–∂–∏–≤–∞–π—Ç–µ –∂–∏–≤–æ—Ç –∫—Ä—É–≥–æ–≤—ã–º–∏ –¥–≤–∏–∂–µ–Ω–∏—è–º–∏ –ø–æ —á–∞—Å–æ–≤–æ–π —Å—Ç—Ä–µ–ª–∫–µ 5 –º–∏–Ω—É—Ç. ‚ò∫  –î–ª—è –≤–∑—Ä–æ—Å–ª—ã—Ö —Ä–∏–º—Å–∫–∞—è —Ä–æ–º–∞—à–∫–∞ ‚Äì –ø—Ä–µ–∫—Ä–∞—Å–Ω–æ–µ —É—Å–ø–æ–∫–æ–∏—Ç–µ–ª—å–Ω–æ–µ, —Å–Ω–∏–∂–∞–µ—Ç –¥–∞–≤–ª–µ–Ω–∏–µ, –ø–æ–º–æ–≥–∞–µ—Ç –ø—Ä–∏ –ü–ú–° –∏ –±–æ–ª—è—Ö, –∞–ª–ª–µ—Ä–≥–∏–∏, –≤—ã—Å—ã–ø–∞–Ω–∏—è—Ö –∏ –∫—Ä–∞–ø–∏–≤–Ω–∏—Ü–µ. –î–æ–±–∞–≤—å—Ç–µ –∫–∞–ø–ª—é –≤ –∫—Ä–µ–º –¥–ª—è —Å—É—Ö–æ–π, —Ä–∞–∑–¥—Ä–∞–∂–µ–Ω–Ω–æ–π –∫–æ–∂–∏.  –ï—â–µ –Ω–µ –ø—Ä–æ–±–æ–≤–∞–ª–∏ —Ä–æ–º–∞—à–∫—É? –°–µ–π—á–∞—Å —Å–∞–º–æ–µ –≤—Ä–µ–º—è!üòâ;0;0;0;3;;–≠–§–ò–†–ù–û–ï –ó–î–û–†–û–í–¨–ï;63
https://vk.com/wall770509227_24845;https://vk.com/id770509227?w=wall770509227_24845;https://vk.com/id770509227;https://vk.com/id770509227;2024-06-05 12:17;–¶–µ–Ω–∞ —à—Ç—É—á–Ω–æ: 200—Ä—É–± –¶–µ–Ω–∞ –æ–ø—Ç–æ–º: 150—Ä—É–± (—É–ø–∞–∫. 12—à—Ç=1800—Ä—É–±) –ò–≥—Ä—É—à–∫–∞, –ø–ª–∞—Å—Ç–∏–∫ –±–µ–∑ –≤—ã–±–æ—Ä–∞ —Ü–≤–µ—Ç–∞ –ü—Ä–æ–∏–≥—Ä—ã–≤–∞–µ—Ç –º–µ–ª–æ–¥–∏–∏, –∫–æ–ª—ã–±–µ–ª—å–Ω—ã–µ, –ø–µ—Å–µ–Ω–∫–∏  –£—à–∫–∏ —Å —Ä–æ–∂–∫–∞–º–∏ –º—è–≥–∫–∏–µ, –º–æ–∂–Ω–æ –∏—Å–ø–æ–ª—å–∑–æ–≤–∞—Ç—å –≤ –∫–∞—á–µ—Å—Ç–≤–µ –ø—Ä–æ—Ä–µ–∑—ã–≤–∞—Ç–µ–ª–µ–π. –û–∑–≤—É—á–∫–∞ —Ä—É—Å—Å–∫–∞—è  –†–∞–∑–º–µ—Ä 14/8 —Å–º;0;0;0;2;;–ê–Ω—É—à–µ—Ä–≤–æ–Ω –ì–∞–∑–∞–ª–æ–≤;1139
https://vk.com/wall176533885_3042;https://vk.com/id176533885?w=wall176533885_3042;https://vk.com/id176533885;https://vk.com/id176533885;2024-06-05 17:35;–í –ø–µ—Ä–µ—Ö–æ–¥–Ω—ã–π –≤–æ–∑—Ä–∞—Å—Ç, –≤ –ø–µ—Ä–∏–æ–¥ —Å–∏–ª—å–Ω–µ–π—à–∏—Ö —Ñ–∏–∑–∏–æ–ª–æ–≥–∏—á–µ—Å–∫–∏—Ö –∏ –ø—Å–∏—Ö–æ–ª–æ–≥–∏—á–µ—Å–∫–∏—Ö –∏–∑–º–µ–Ω–µ–Ω–∏–π, –æ—Ä–≥–∞–Ω–∏–∑–º –æ—Å–æ–±–µ–Ω–Ω–æ –Ω—É–∂–¥–∞–µ—Ç—Å—è –≤ –≤–∏—Ç–∞–º–∏–Ω–∞—Ö –∏ –º–∏–Ω–µ—Ä–∞–ª–∞—Ö. –ë–æ–ª—å—à–∞—è —á–∞—Å—Ç—å –Ω—É—Ç—Ä–∏–µ–Ω—Ç–æ–≤ –ø–æ—Å—Ç—É–ø–∞–µ—Ç —Å –ø–∏—â–µ–π. –ù–æ –¥–∞–ª–µ–∫–æ –Ω–µ –∫–∞–∂–¥—ã–π –ø–æ–¥—Ä–æ—Å—Ç–æ–∫ —Å–æ–±–ª—é–¥–∞–µ—Ç —Å–±–∞–ª–∞–Ω—Å–∏—Ä–æ–≤–∞–Ω–Ω—ã–π —Ä–∞—Ü–∏–æ–Ω –ø–∏—Ç–∞–Ω–∏—è. –ü–æ—ç—Ç–æ–º—É –∏–º –¥–æ–≤–æ–ª—å–Ω–æ —á–∞—Å—Ç–æ —Ç—Ä–µ–±—É–µ—Ç—Å—è –≤–æ—Å–ø–æ–ª–Ω—è—Ç—å –Ω–µ—Ö–≤–∞—Ç–∫—É –ø–∏—Ç–∞—Ç–µ–ª—å–Ω—ã—Ö –≤–µ—â–µ—Å—Ç–≤.  –°–±–∞–ª–∞–Ω—Å–∏—Ä–æ–≤–∞–Ω–Ω–∞—è –≤–∏—Ç–∞–º–∏–Ω–Ω–æ-–º–∏–Ω–µ—Ä–∞–ª—å–Ω–∞—è –ø–∏—â–µ–≤–∞—è –¥–æ–±–∞–≤–∫–∞ –ø–æ–∫–∞–∑–∞–Ω–∞ –¥–ª—è —É–∫—Ä–µ–ø–ª–µ–Ω–∏—è –∏–º–º—É–Ω–∏—Ç–µ—Ç–∞, –ø–æ–¥–¥–µ—Ä–∂–∞–Ω–∏—è –Ω–µ—Ä–≤–Ω–æ–π —Å–∏—Å—Ç–µ–º—ã –∏ –º–æ–∑–≥–æ–≤–æ–π –∞–∫—Ç–∏–≤–Ω–æ—Å—Ç–∏. –¢–∞–∫–∂–µ –ø—Ä–∏–µ–º —Å—Ä–µ–¥—Å—Ç–≤–∞ —Å–Ω–∏–∂–∞–µ—Ç –≥–∏–ø–µ—Ä–∞–∫—Ç–∏–≤–Ω–æ—Å—Ç—å, –Ω–µ—Ä–≤–æ–∑–Ω–æ—Å—Ç—å, –∏–º–ø—É–ª—å—Å–∏–≤–Ω–æ—Å—Ç—å, –ø–æ–º–æ–≥–∞–µ—Ç —Å–ø—Ä–∞–≤–ª—è—Ç—å—Å—è —Å –∏–Ω—Ñ–æ—Ä–º–∞—Ü–∏–æ–Ω–Ω—ã–º–∏ –ø–µ—Ä–µ–≥—Ä—É–∑–∫–∞–º–∏. –û—Ä–≥–∞–Ω–∏–∑–º –æ—Å–æ–±–µ–Ω–Ω–æ –Ω—É–∂–¥–∞–µ—Ç—Å—è –≤ –Ω–µ–º –≤ –ø–µ—Ä–∏–æ–¥ –ø–æ–ª–æ–≤–æ–≥–æ —Å–æ–∑—Ä–µ–≤–∞–Ω–∏—è, –∫–æ–≥–¥–∞ —Ä–∞–±–æ—Ç–∞–µ—Ç –±—É–∫–≤–∞–ª—å–Ω–æ –Ω–∞ –∏–∑–Ω–æ—Å, –≤–µ–¥—å –≤ –Ω–µ–º –ø—Ä–æ—Ç–µ–∫–∞—é—Ç —Å–µ—Ä—å–µ–∑–Ω—ã–µ –∏–∑–º–µ–Ω–µ–Ω–∏—è: –ø—Ä–æ–ø–æ—Ä—Ü–∏–π —Ç–µ–ª–∞, –∫–æ—Å—Ç–Ω–æ-–º—ã—à–µ—á–Ω–æ–π —Å–∏—Å—Ç–µ–º—ã, —Ä–æ—Å—Ç–∞, –≤–µ—Å–∞, –≥–æ—Ä–º–æ–Ω–∞–ª—å–Ω–æ–≥–æ —Ñ–æ–Ω–∞.  –°–±–∞–ª–∞–Ω—Å–∏—Ä–æ–≤–∞–Ω–Ω—ã–π —Å–æ—Å—Ç–∞–≤ –≤–∏—Ç–∞–º–∏–Ω–Ω–æ-–º–∏–Ω–µ—Ä–∞–ª—å–Ω–æ–≥–æ –∫–æ–º–ø–ª–µ–∫—Å–∞ –¥–ª—è –ø–æ–¥—Ä–æ—Å—Ç–∫–æ–≤: -–ø–æ–¥–¥–µ—Ä–∂–∏–≤–∞–µ—Ç –æ—Ä–≥–∞–Ω–∏–∑–º –ø–æ–¥—Ä–æ—Å—Ç–∫–∞ –≤ –ø–µ—Ä–∏–æ–¥ –∞–∫—Ç–∏–≤–Ω–æ–≥–æ —Ä–æ—Å—Ç–∞ –∏ —Ä–∞–∑–≤–∏—Ç–∏—è, -—Å–ø–æ—Å–æ–±—Å—Ç–≤—É–µ—Ç –ø–æ–ª–Ω–æ—Ü–µ–Ω–Ω–æ–º—É —Ä–æ—Å—Ç—É –∏ —Ä–∞–∑–≤–∏—Ç–∏—é —Å–∫–µ–ª–µ—Ç–∞, -–ø—Ä–µ–ø—è—Ç—Å–≤—É–µ—Ç –∏—Å–∫—Ä–∏–≤–ª–µ–Ω–∏—é –æ–ø–æ—Ä–Ω–æ-–¥–≤–∏–≥–∞—Ç–µ–ª—å–Ω–æ–≥–æ –∞–ø–ø–∞—Ä–∞—Ç–∞, -–ø–æ–≤—ã—à–∞–µ—Ç –º–∏–Ω–µ—Ä–∞–ª–∏–∑–∞—Ü–∏—é –∏ –ø–ª–æ—Ç–Ω–æ—Å—Ç—å –∫–æ—Å—Ç–Ω–æ–π —Ç–∫–∞–Ω–∏, -–æ–±–µ—Å–ø–µ—á–∏–≤–∞–µ—Ç –Ω–∞–∫–æ–ø–ª–µ–Ω–∏–µ –∫–æ—Å—Ç–Ω–æ–π –º–∞—Å—Å—ã, -—Å–Ω–∏–∂–∞–µ—Ç –≤–µ—Ä–æ—è—Ç–Ω–æ—Å—Ç—å –±—ã—Ç–æ–≤—ã—Ö –∏ —Å–ø–æ—Ä—Ç–∏–≤–Ω—ã—Ö —Ç—Ä–∞–≤–º, -—É—Å–∫–æ—Ä—è–µ—Ç –≤–æ—Å—Å—Ç–∞–Ω–æ–≤–ª–µ–Ω–∏–µ –ø–æ—Å–ª–µ —Ç—Ä–∞–≤–º –∏ –ø–µ—Ä–µ–ª–æ–º–æ–≤, -—É–∫—Ä–µ–ø–ª—è–µ—Ç –∑—É–±–Ω—É—é —ç–º–∞–ª—å, –ø—Ä–µ–ø—è—Ç—Å—Ç–≤—É–µ—Ç —Ä–∞–∑–≤–∏—Ç–∏—é –∫–∞—Ä–∏–µ—Å–∞, -—Å–ø–æ—Å–æ–±—Å—Ç–≤—É–µ—Ç —Å–≤–æ–µ–≤—Ä–µ–º–µ–Ω–Ω–æ–º—É –ø—Ä–æ—Ä–µ–∑—ã–≤–∞–Ω–∏—é –ø–æ—Å—Ç–æ—è–Ω–Ω—ã—Ö –∫–æ—Ä–µ–Ω–Ω—ã—Ö –∑—É–±–æ–≤, -—É–∫—Ä–µ–ø–ª—è–µ—Ç —Ç–∫–∞–Ω—å –¥–µ—Å–µ–Ω –∏ –ø—Ä–µ–ø—è—Ç—Å—Ç–≤—É–µ—Ç –∏—Ö –∫—Ä–æ–≤–æ—Ç–æ—á–∏–≤–æ—Å—Ç–∏, -–ø–æ–≤—ã—à–∞–µ—Ç –ø–ª–æ—Ç–Ω–æ—Å—Ç—å –∏ —É–∫—Ä–µ–ø–ª—è–µ—Ç —Å—Ç–µ–Ω–∫–∏ –∫—Ä–æ–≤–µ–Ω–æ—Å–Ω—ã—Ö —Å–æ—Å—É–¥–æ–≤, -–Ω–µ–æ–±—Ö–æ–¥–∏–º –¥–ª—è –ø–æ–ª–Ω–æ—Ü–µ–Ω–Ω–æ–≥–æ —Ä–æ—Å—Ç–∞ —Å–æ—Å—É–¥–æ–≤ –∏ —Å–µ—Ä–¥—Ü–∞, -–ø–æ–¥–¥–µ—Ä–∂–∏–≤–∞–µ—Ç —Ñ–∏–∑–∏–æ–ª–æ–≥–∏—á–Ω—ã–π –º—ã—à–µ—á–Ω—ã–π —Ç–æ–Ω—É—Å, -—É—Å—Ç—Ä–∞–Ω—è–µ—Ç –Ω–µ–ø—Ä–æ–∏–∑–≤–æ–ª—å–Ω—ã–µ —Å–æ–∫—Ä–∞—â–µ–Ω–∏—è –º—ã—à—Ü –∏ —Å—É–¥–æ—Ä–æ–≥–∏, -—Å—Ç–∏–º—É–ª–∏—Ä—É–µ—Ç –∫—Ä–æ–≤–æ–æ–±—Ä–∞—â–µ–Ω–∏–µ –≤ –≥–æ–ª–æ–≤–Ω–æ–º –º–æ–∑–≥–µ, -–ø–æ–≤—ã—à–∞–µ—Ç –º–æ–∑–≥–æ–≤—É—é –∞–∫—Ç–∏–≤–Ω–æ—Å—Ç—å –ø—Ä–∏ —É–º—Å—Ç–≤–µ–Ω–Ω—ã—Ö –Ω–∞–≥—Ä—É–∑–∫–∞—Ö, -–æ–±–ª–µ—á–∞–µ—Ç –∑–∞–ø–æ–º–∏–Ω–∞–Ω–∏–µ –∏–Ω—Ñ–æ—Ä–º–∞—Ü–∏–∏, –ø–æ–≤—ã—à–∞–µ—Ç –∫–æ–Ω—Ü–µ–Ω—Ç—Ä–∞—Ü–∏—é –≤–Ω–∏–º–∞–Ω–∏—è, -—É–∫—Ä–µ–ø–ª—è–µ—Ç –∏–º–º—É–Ω–∏—Ç–µ—Ç, –ø–æ–≤—ã—à–∞–µ—Ç –∑–∞—â–∏—Ç–Ω—ã–µ —Å–∏–ª—ã –Ω–∞ –≤—Å–µ—Ö —É—Ä–æ–≤–Ω—è—Ö, -—Å–ª—É–∂–∏—Ç –ø—Ä–æ—Ñ–∏–ª–∞–∫—Ç–∏–∫–æ–π —Å–µ–∑–æ–Ω–Ω—ã—Ö –ø—Ä–æ—Å—Ç—É–¥–Ω—ã—Ö –∑–∞–±–æ–ª–µ–≤–∞–Ω–∏–π, -—É—Å–∫–æ—Ä—è–µ—Ç –≤—ã–∑–¥–æ—Ä–æ–≤–ª–µ–Ω–∏–µ –ø–æ—Å–ª–µ –ø–µ—Ä–µ–Ω–µ—Å–µ–Ω–Ω—ã—Ö –∑–∞–±–æ–ª–µ–≤–∞–Ω–∏–π, -–Ω–æ—Ä–º–∞–ª–∏–∑—É–µ—Ç –ø—Ä–æ—Ü–µ—Å—Å—ã –ø–∏—â–µ–≤–∞—Ä–µ–Ω–∏—è –∏ –æ—Ç—Ç–æ–∫ –∂–µ–ª—á–∏, -–æ–±–µ—Å–ø–µ—á–∏–≤–µ—Ç –ø–æ–ª–Ω–æ—Ü–µ–Ω–Ω–æ–µ —Ä–∞–∑–≤–∏—Ç–∏–µ –Ω–µ—Ä–≤–Ω–æ–π —Å–∏—Å—Ç–µ–º—ã, -–æ–∫–∞–∑—ã–≤–∞–µ—Ç —É—Å–ø–æ–∫–∞–∏–≤–∞—é—â–µ–µ –¥–µ–π—Å—Ç–≤–∏–µ, –Ω–æ—Ä–º–∞–ª–∏–∑—É–µ—Ç —Å–æ–Ω, -–ø–æ–º–æ–≥–∞–µ—Ç —Å–ø—Ä–∞–≤–∏—Ç—å—Å—è —Å —Ä–∞–∑–¥—Ä–∞–∂–∏—Ç–µ–ª—å–Ω–æ—Å—Ç—å—é –∏ –≤—Å–ø—ã–ª—å—á–∏–≤–æ—Å—Ç—å—é, -—Å–Ω–∏–º–∞–µ—Ç –ø—Å–∏—Ö–æ—ç–º–æ—Ü–∏–æ–Ω–∞–ª—å–Ω–æ–µ –Ω–∞–ø—Ä—è–∂–µ–Ω–∏–µ –∏ –ø–µ—Ä–µ–≥—Ä—É–∑–∫–∏, -–ø–æ–¥–¥–µ—Ä–∂–∏–≤–∞–µ—Ç –∏ —Å–æ—Ö—Ä–∞–Ω—è–µ—Ç –æ—Å—Ç—Ä–æ—Ç—É –∑—Ä–µ–Ω–∏—è, —É–º–µ–Ω—å—à–∞–µ—Ç —Å—É—Ö–æ—Å—Ç—å —Å–ª–∏–∑–∏—Å—Ç–æ–π, -—É–ª—É—á—à–∞–µ—Ç —Å–æ—Å—Ç–æ—è–Ω–∏–µ –∏ –ø–∏—Ç–∞–Ω–∏–µ —Å–µ—Ç—á–∞—Ç–∫–∏ –≥–ª–∞–∑, -–Ω–µ–π—Ç—Ä–∞–ª–∏–∑—É–µ—Ç –Ω–µ–≥–∞—Ç–∏–≤–Ω–æ–µ –≤–ª–∏—è–µ–Ω–∏–µ –∏–∑–ª—É—á–µ–Ω–∏–π –æ—Ç –≥–∞–¥–∂–µ—Ç–æ–≤, -—Å–ø–æ—Å–æ–±—Å—Ç–≤—É–µ—Ç —É—Å–≤–æ–µ–Ω–∏—é –∂–µ–ª–µ–∑–∞ –∏–∑ –ø–∏—â–µ–≤—ã—Ö –ø—Ä–æ–¥—É–∫—Ç–æ–≤, -–Ω–∞–ø–æ–ª–Ω—è–µ—Ç —ç–Ω–µ—Ä–≥–∏–µ–π –∏ –ø–æ–≤—ã—à–∞–µ—Ç –≤—ã–Ω–æ—Å–ª–∏–≤–æ—Å—Ç—å, -–æ–±–ª–µ–≥—á–∞–µ—Ç –ø—Ä–æ—Ü–µ—Å—Å –≥–æ—Ä–º–æ–Ω–∞–ª—å–Ω–æ–π –ø–µ—Ä–µ—Å—Ç—Ä–æ–π–∫–∏ –æ—Ä–∞–≥–Ω–∏–∑–º–∞, -–Ω–æ—Ä–º–∞–ª—å–∑—É–µ—Ç —Ä–∞–±–æ—Ç—ã —Å–∞–ª—å–Ω—ã—Ö –∂–µ–ª–µ–∑, —É–º–µ–Ω—å—à–∞–µ—Ç –∂–∏—Ä–Ω–æ—Å—Ç—å –∫–æ–∂–∏, -–ø—Ä–µ–ø—è—Ç—Å—Ç–≤—É–µ—Ç –ø–æ—è–≤–ª–µ–Ω–∏—é —Ä–∞—Å—Ç—è–∂–µ–∫ –Ω–∞ –∫–æ–∂–µ –ø—Ä–∏ –∏–Ω—Ç–µ–Ω—Å–∏–≤–Ω–æ–º —Ä–æ—Å—Ç–µ, -–ø–æ–¥–¥–µ—Ä–∂–∏–≤–∞–µ—Ç –∑–¥–æ—Ä–æ–≤—å–µ –≤–æ–ª–æ—Å –∏ –Ω–æ–≥—Ç–µ–π.;0;0;0;1;;–ï–∫–∞—Ç–µ—Ä–∏–Ω–∞ –õ—É—á–∫–æ;1071
https://vk.com/wall-201396292_1413;https://vk.com/club201396292?w=wall-201396292_1413;https://vk.com/club201396292;https://vk.com/club201396292;2024-06-05 16:50;‚úÖ–ü–æ–ª–Ω–æ—Å—Ç—å—é –±–µ–∑–æ–ø–∞—Å–µ–Ω –¥–ª—è —Ä–µ–±–µ–Ω–∫–∞! –ú–∞—Ç–µ—Ä–∏–∞–ª –Ω–µ —Ç–æ–∫—Å–∏—á–µ–Ω, –Ω–µ —Å–æ–¥–µ—Ä–∂–∏—Ç –ë–∏—Å—Ñ–µ–Ω–æ–ª –ê, –ü–í–•, —Ñ—Ç–∞–ª–∞—Ç–æ–≤, –∫–∞–¥–º–∏—è, —Ç—è–∂–µ–ª—ã—Ö –º–µ—Ç–∞–ª–ª–æ–≤ —Ç–∏–ø–∞ —Å–≤–∏–Ω—Ü–∞, —Å–≤–æ–±–æ–¥–µ–Ω –æ—Ç –Ω–∏—Ç—Ä–æ–∑–∞–º–∏–Ω–æ–≤. ‚úÖ–°–∏–ª–∏–∫–æ–Ω –Ω–µ –∏–º–µ–µ—Ç –∑–∞–ø–∞—Ö–∞ –∏ –≤–∫—É—Å–∞, –Ω–µ –≤–ø–∏—Ç—ã–≤–∞–µ—Ç –∑–∞–ø–∞—Ö–∏. ‚úÖ–ú–∞—Ç–µ—Ä–∏–∞–ª –Ω–µ —Å–ø–æ—Å–æ–±—Å—Ç–≤—É–µ—Ç —Ä–æ—Å—Ç—É –≥—Ä–∏–±–∫–æ–≤, –æ–±—Ä–∞–∑–æ–≤–∞–Ω–∏—é –ø–ª–µ—Å–µ–Ω–∏ –∏ —Ä–∞–∑–≤–∏—Ç–∏—é –±–∞–∫—Ç–µ—Ä–∏–π. ‚úÖ–°–∏–ª–∏–∫–æ–Ω —É—Å—Ç–æ–π—á–∏–≤ –∫ –≤–æ–∑–¥–µ–π—Å—Ç–≤–∏—é –≤—ã—Å–æ–∫–∏—Ö —Ç–µ–º–ø–µ—Ä–∞—Ç—É—Ä, —É–ª—å—Ç—Ä–∞—Ñ–∏–æ–ª–µ—Ç–∞, –º–∏–∫—Ä–æ–≤–æ–ª–Ω –∏ –¥–∞–∂–µ –∫ –∑–∞–º–æ—Ä–∞–∂–∏–≤–∞–Ω–∏—é. –≠—Ç–æ –≥–æ–≤–æ—Ä–∏—Ç –æ —Ç–æ–º, —á—Ç–æ –∏–∑–¥–µ–ª–∏—è –º–æ–∂–Ω–æ –∫–∏–ø—è—Ç–∏—Ç—å, —Å—Ç–µ—Ä–∏–ª–∏–∑–æ–≤–∞—Ç—å –≤ —Å–ø–µ—Ü–∏–∞–ª—å–Ω–æ–π –ø–æ—Å—É–¥–µ –≤ –º–∏–∫—Ä–æ–≤–æ–ª–Ω–æ–≤–æ–π –ø–µ—á–∏, –ø–æ–º–µ—â–∞—Ç—å –≤ –º–æ—Ä–æ–∑–∏–ª—å–Ω—É—é –∫–∞–º–µ—Ä—É, –∞ —Ç–∞–∫–∂–µ, –æ–±—Ä–∞–±–∞—Ç—ã–≤–∞—Ç—å –∞–Ω—Ç–∏—Å–µ–ø—Ç–∏—á–µ—Å–∫–∏–º–∏ —Å—Ä–µ–¥—Å—Ç–≤–∞–º–∏. ‚úÖ–ü–∏—â–µ–≤–æ–π —Å–∏–ª–∏–∫–æ–Ω –æ–±–ª–∞–¥–∞–µ—Ç –ø–ª–∞—Å—Ç–∏—á–Ω–æ—Å—Ç—å—é, –Ω–µ —Ç—Ä–∞–≤–º–∏—Ä—É–µ—Ç –¥–µ—Å–Ω–∞ –º–ª–∞–¥–µ–Ω—Ü–∞ –∏ —Å–ø–æ—Å–æ–±—Å—Ç–≤—É–µ—Ç –º—è–≥–∫–æ–º—É –ø—Ä–æ—Ä–µ–∑—ã–≤–∞–Ω–∏—é –∑—É–±–æ–≤. –ò–∑–¥–µ–ª–∏—è —É–ø—Ä—É–≥–∏–µ –∏ –ø—Ä–æ—á–Ω—ã–µ - —Ä–µ–±–µ–Ω–∫—É –Ω–µ –æ—Ç–∫—É—Å–∏—Ç—å –æ—Ç –Ω–∏—Ö –Ω–∏ –∫—É—Å–æ—á–∫–∞! ‚úÖ–ò–∑–¥–µ–ª–∏—è –∏–∑ —Å–∏–ª–∏–∫–æ–Ω–∞ –æ—á–µ–Ω—å –ø—Ä–æ—Å—Ç—ã –≤ —É—Ö–æ–¥–µ. ‚úÖ–û—Ö–ª–∞–∂–¥—ë–Ω–Ω—ã–π –º–∞—Ç–µ—Ä–∏–∞–ª —Å–Ω–∏–º–∞–µ—Ç –±–æ–ª–µ–∑–Ω–µ–Ω–Ω—ã–µ –æ—â—É—â–µ–Ω–∏—è, –ø–æ–º–æ–≥–∞—è —Ä–µ–±—ë–Ω–∫—É —Å–ø—Ä–∞–≤–∏—Ç—Å—è —Å –¥–∏—Å–∫–æ–º—Ñ–æ—Ä—Ç–æ–º –ø—Ä–∏ –ø—Ä–æ—Ä–µ–∑—ã–≤–∞–Ω–∏–∏ –∑—É–±–æ–≤. ‚úÖ–ú–∞–ª—ã—à —Ä–∞–∑–≤–ª–µ–∫–∞–µ—Ç—Å—è –∏ —Ä–∞–∑–≤–∏–≤–∞–µ—Ç —Ç–∞–∫—Ç–∏–ª—å–Ω—ã–µ –æ—â—É—â–µ–Ω–∏—è –∏ –º–æ—Ç–æ—Ä–∏–∫—É –∑–∞ —Å—á–µ—Ç –æ—Ç–ª–∏—Ç—ã—Ö –∏–∑ —Å–∏–ª–∏–∫–æ–Ω–∞ –±—É—Å–∏–Ω —Ä–∞–∑–Ω—ã—Ö —Ñ–æ—Ä–º –∏ —Ä–∞–∑–º–µ—Ä–æ–≤. –¶–≤–µ—Ç–æ–≤–æ–µ –≤–æ—Å–ø—Ä–∏—è—Ç–∏–µ - –≤–µ–¥—å –∏–∑–¥–µ–ª–∏—è —Ä–∞–∑–ª–∏—á–Ω—ã—Ö —Ü–≤–µ—Ç–æ–≤. –ë—É—Å–∏–Ω—ã –Ω–µ–≤–µ—Ä–æ—è—Ç–Ω–æ –Ω–µ–∂–Ω—ã–µ, –±–∞—Ä—Ö–∞—Ç–∏—Å—Ç—ã–µ –Ω–∞ –æ—â—É–ø—å. –ò—Ö –Ω–µ —Ö–æ—á–µ—Ç—Å—è –≤—ã–ø—É—Å–∫–∞—Ç—å –∏–∑ —Ä—É–∫. ‚úÖ–†–∞–∑–Ω–æ–æ–±—Ä–∞–∑–∏–µ —Ñ–æ—Ä–º –∏ —Ü–≤–µ—Ç–æ–≤ —Å–∏–ª–∏–∫–æ–Ω–æ–≤–æ–π —Ñ—É—Ä–Ω–∏—Ç—É—Ä—ã –¥–∞—é—Ç –ø–æ–ª–µ—Ç —Ñ–∞–Ω—Ç–∞–∑–∏–∏ –º–∞—Å—Ç–µ—Ä—É, –ø–æ–∑–≤–æ–ª—è—è —Å–æ–∑–¥–∞–≤–∞—Ç—å –∞–∫—Å–µ—Å—Å—É–∞—Ä—ã, –∫–æ—Ç–æ—Ä—ã–µ –æ–±—è–∑–∞—Ç–µ–ª—å–Ω–æ –ø–æ—Ä–∞–¥—É—é—Ç –≤–∞—Å –∏ –≤–∞—à–∏—Ö –¥–µ—Ç–µ–π –Ω–∞ —Ä–∞–∑–Ω—ã—Ö —ç—Ç–∞–ø–∞—Ö –≤–∑—Ä–æ—Å–ª–µ–Ω–∏—è. ‚úÖ–ü–∏—â–µ–≤–æ–π —Å–∏–ª–∏–∫–æ–Ω - —ç–∫–æ–ª–æ–≥–∏—á–Ω—ã–π –º–∞—Ç–µ—Ä–∏–∞–ª.;1;0;0;1;;–ì—Ä—ã–∑—É —Å —É–¥–æ–≤–æ–ª—å—Å—Ç–≤–∏–µ–º;33
https://vk.com/wall10860825_449;https://vk.com/id10860825?w=wall10860825_449;https://vk.com/id10860825;https://vk.com/id10860825;2024-06-05 16:42;–ö–∞–ª–µ–Ω–¥–∞—Ä—å –ø—Ä–æ—Ä–µ–∑—ã–≤–∞–Ω–∏—è –∑—É–±–æ–≤;0;0;0;0;;–û–ª–µ—Å—è –ú–µ—Ç—Ä–∏–∫–∞;31
https://vk.com/wall10860825_448;https://vk.com/id10860825?w=wall10860825_448;https://vk.com/id10860825;https://vk.com/id10860825;2024-06-05 16:42;–ö–∞–ª–µ–Ω–¥–∞—Ä—å –ø—Ä–æ—Ä–µ–∑—ã–≤–∞–Ω–∏—è –∑—É–±–æ–≤;0;0;0;0;;–û–ª–µ—Å—è –ú–µ—Ç—Ä–∏–∫–∞;31
